Date,Repo Rate, Reverse Repo Rate, Consumer Price Index,GDP rate
28/03/2024,6.5,3.35,5.69,8.4
27/03/2024,6.5,3.35,5.69,8.4
26/03/2024,6.5,3.35,5.69,8.4
22/03/2024,6.5,3.35,5.69,8.4
21/03/2024,6.5,3.35,5.69,8.4
20/03/2024,6.5,3.35,5.69,8.4
19/03/2024,6.5,3.35,5.69,8.4
18/03/2024,6.5,3.35,5.69,8.4
15/03/2024,6.5,3.35,5.69,8.4
14/03/2024,6.5,3.35,5.69,8.4
13/03/2024,6.5,3.35,5.69,8.4
12/03/2024,6.5,3.35,5.69,8.4
11/03/2024,6.5,3.35,5.69,8.4
7/03/2024,6.5,3.35,5.69,8.4
6/03/2024,6.5,3.35,5.69,8.4
5/03/2024,6.5,3.35,5.69,8.4
4/03/2024,6.5,3.35,5.69,8.4
2/03/2024,6.5,3.35,5.69,8.4
1/03/2024,6.5,3.35,5.69,8.4
29/02/2024,6.5,3.35,5.69,8.4
28/02/2024,6.5,3.35,5.69,8.4
27/02/2024,6.5,3.35,5.69,8.4
26/02/2024,6.5,3.35,5.69,8.4
23/02/2024,6.5,3.35,5.69,8.4
22/02/2024,6.5,3.35,5.69,8.4
21/02/2024,6.5,3.35,5.69,8.4
20/02/2024,6.5,3.35,5.69,8.4
19/02/2024,6.5,3.35,5.69,8.4
16/02/2024,6.5,3.35,5.69,8.4
15/02/2024,6.5,3.35,5.69,8.4
14/02/2024,6.5,3.35,5.69,8.4
13/02/2024,6.5,3.35,5.69,8.4
12/02/2024,6.5,3.35,5.69,8.4
9/02/2024,6.5,3.35,5.69,8.4
8/02/2024,6.5,3.35,5.69,8.4
7/02/2024,6.5,3.35,5.69,8.4
6/02/2024,6.5,3.35,5.69,8.4
5/02/2024,6.5,3.35,5.69,8.4
2/02/2024,6.5,3.35,5.69,8.4
1/02/2024,6.5,3.35,5.69,8.4
31/01/2024,6.5,3.35,5.69,8.4
30/01/2024,6.5,3.35,5.69,8.4
29/01/2024,6.5,3.35,5.69,8.4
25/01/2024,6.5,3.35,5.69,8.4
24/01/2024,6.5,3.35,5.69,8.4
23/01/2024,6.5,3.35,5.69,8.4
20/01/2024,6.5,3.35,5.69,8.4
19/01/2024,6.5,3.35,5.69,8.4
18/01/2024,6.5,3.35,5.69,8.4
17/01/2024,6.5,3.35,5.69,8.4
16/01/2024,6.5,3.35,5.69,8.4
15/01/2024,6.5,3.35,5.69,8.4
12/01/2024,6.5,3.35,5.69,8.4
11/01/2024,6.5,3.35,5.69,8.4
10/01/2024,6.5,3.35,5.69,8.4
9/01/2024,6.5,3.35,5.69,8.4
8/01/2024,6.5,3.35,5.69,8.4
5/01/2024,6.5,3.35,5.69,8.4
4/01/2024,6.5,3.35,5.69,8.4
3/01/2024,6.5,3.35,5.69,8.4
2/01/2024,6.5,3.35,5.69,8.4
1/01/2024,6.5,3.35,5.69,8.4
29/12/2023,6.5,3.35,5.69,8.4
28/12/2023,6.5,3.35,5.69,8.4
27/12/2023,6.5,3.35,5.69,8.4
26/12/2023,6.5,3.35,5.69,8.4
22/12/2023,6.5,3.35,5.69,8.4
21/12/2023,6.5,3.35,5.69,8.4
20/12/2023,6.5,3.35,5.69,8.4
19/12/2023,6.5,3.35,5.69,8.4
18/12/2023,6.5,3.35,5.69,8.4
15/12/2023,6.5,3.35,5.69,8.4
14/12/2023,6.5,3.35,5.69,8.4
13/12/2023,6.5,3.35,5.69,8.4
12/12/2023,6.5,3.35,5.69,8.4
11/12/2023,6.5,3.35,5.69,8.4
8/12/2023,6.5,3.35,5.69,8.4
7/12/2023,6.5,3.35,5.69,8.4
6/12/2023,6.5,3.35,5.69,8.4
5/12/2023,6.5,3.35,5.69,8.4
4/12/2023,6.5,3.35,5.69,8.4
1/12/2023,6.5,3.35,5.69,8.4
30/11/2023,6.5,3.35,5.55,7.6
29/11/2023,6.5,3.35,5.55,7.6
28/11/2023,6.5,3.35,5.55,7.6
24/11/2023,6.5,3.35,5.55,7.6
23/11/2023,6.5,3.35,5.55,7.6
22/11/2023,6.5,3.35,5.55,7.6
21/11/2023,6.5,3.35,5.55,7.6
20/11/2023,6.5,3.35,5.55,7.6
17/11/2023,6.5,3.35,5.55,7.6
16/11/2023,6.5,3.35,5.55,7.6
15/11/2023,6.5,3.35,5.55,7.6
13/11/2023,6.5,3.35,5.55,7.6
12/11/2023,6.5,3.35,5.55,7.6
10/11/2023,6.5,3.35,5.55,7.6
9/11/2023,6.5,3.35,5.55,7.6
8/11/2023,6.5,3.35,5.55,7.6
7/11/2023,6.5,3.35,5.55,7.6
6/11/2023,6.5,3.35,5.55,7.6
3/11/2023,6.5,3.35,5.55,7.6
2/11/2023,6.5,3.35,5.55,7.6
1/11/2023,6.5,3.35,5.55,7.6
31/10/2023,6.5,3.35,4.87,7.6
30/10/2023,6.5,3.35,4.87,7.6
27/10/2023,6.5,3.35,4.87,7.6
26/10/2023,6.5,3.35,4.87,7.6
25/10/2023,6.5,3.35,4.87,7.6
23/10/2023,6.5,3.35,4.87,7.6
20/10/2023,6.5,3.35,4.87,7.6
19/10/2023,6.5,3.35,4.87,7.6
18/10/2023,6.5,3.35,4.87,7.6
17/10/2023,6.5,3.35,4.87,7.6
16/10/2023,6.5,3.35,4.87,7.6
13/10/2023,6.5,3.35,4.87,7.6
12/10/2023,6.5,3.35,4.87,7.6
11/10/2023,6.5,3.35,4.87,7.6
10/10/2023,6.5,3.35,4.87,7.6
9/10/2023,6.5,3.35,4.87,7.6
6/10/2023,6.5,3.35,4.87,7.6
5/10/2023,6.5,3.35,4.87,7.6
4/10/2023,6.5,3.35,4.87,7.6
3/10/2023,6.5,3.35,4.87,7.6
29/09/2023,6.5,3.35,5.02,7.6
28/09/2023,6.5,3.35,5.02,7.6
27/09/2023,6.5,3.35,5.02,7.6
26/09/2023,6.5,3.35,5.02,7.6
25/09/2023,6.5,3.35,5.02,7.6
22/09/2023,6.5,3.35,5.02,7.6
21/09/2023,6.5,3.35,5.02,7.6
20/09/2023,6.5,3.35,5.02,7.6
18/09/2023,6.5,3.35,5.02,7.6
15/09/2023,6.5,3.35,5.02,7.6
14/09/2023,6.5,3.35,5.02,7.6
13/09/2023,6.5,3.35,5.02,7.6
12/09/2023,6.5,3.35,5.02,7.6
11/09/2023,6.5,3.35,5.02,7.6
8/09/2023,6.5,3.35,5.02,7.6
7/09/2023,6.5,3.35,5.02,7.6
6/09/2023,6.5,3.35,5.02,7.6
5/09/2023,6.5,3.35,5.02,7.6
4/09/2023,6.5,3.35,5.02,7.6
1/09/2023,6.5,3.35,5.02,7.6
31/08/2023,6.5,3.35,6.83,7.8
30/08/2023,6.5,3.35,6.83,7.8
29/08/2023,6.5,3.35,6.83,7.8
28/08/2023,6.5,3.35,6.83,7.8
25/08/2023,6.5,3.35,6.83,7.8
24/08/2023,6.5,3.35,6.83,7.8
23/08/2023,6.5,3.35,6.83,7.8
22/08/2023,6.5,3.35,6.83,7.8
21/08/2023,6.5,3.35,6.83,7.8
18/08/2023,6.5,3.35,6.83,7.8
17/08/2023,6.5,3.35,6.83,7.8
16/08/2023,6.5,3.35,6.83,7.8
14/08/2023,6.5,3.35,6.83,7.8
11/08/2023,6.5,3.35,6.83,7.8
10/08/2023,6.5,3.35,6.83,7.8
9/08/2023,6.5,3.35,6.83,7.8
8/08/2023,6.5,3.35,6.83,7.8
7/08/2023,6.5,3.35,6.83,7.8
4/08/2023,6.5,3.35,6.83,7.8
3/08/2023,6.5,3.35,6.83,7.8
2/08/2023,6.5,3.35,6.83,7.8
1/08/2023,6.5,3.35,6.83,7.8
31/07/2023,6.5,3.35,7.44,7.8
28/07/2023,6.5,3.35,7.44,7.8
27/07/2023,6.5,3.35,7.44,7.8
26/07/2023,6.5,3.35,7.44,7.8
25/07/2023,6.5,3.35,7.44,7.8
24/07/2023,6.5,3.35,7.44,7.8
21/07/2023,6.5,3.35,7.44,7.8
20/07/2023,6.5,3.35,7.44,7.8
19/07/2023,6.5,3.35,7.44,7.8
18/07/2023,6.5,3.35,7.44,7.8
17/07/2023,6.5,3.35,7.44,7.8
14/07/2023,6.5,3.35,7.44,7.8
13/07/2023,6.5,3.35,7.44,7.8
12/07/2023,6.5,3.35,7.44,7.8
11/07/2023,6.5,3.35,7.44,7.8
10/07/2023,6.5,3.35,7.44,7.8
7/07/2023,6.5,3.35,7.44,7.8
6/07/2023,6.5,3.35,7.44,7.8
5/07/2023,6.5,3.35,7.44,7.8
4/07/2023,6.5,3.35,7.44,7.8
3/07/2023,6.5,3.35,7.44,7.8
30/06/2023,4.9,3.35,7,7.8
28/06/2023,4.9,3.35,7,7.8
27/06/2023,4.9,3.35,7,7.8
26/06/2023,4.9,3.35,7,7.8
23/06/2023,4.9,3.35,7,7.8
22/06/2023,4.9,3.35,7,7.8
21/06/2023,4.9,3.35,7,7.8
20/06/2023,4.9,3.35,7,7.8
19/06/2023,4.9,3.35,7,7.8
16/06/2023,4.9,3.35,7,7.8
15/06/2023,4.9,3.35,7,7.8
14/06/2023,4.9,3.35,7,7.8
13/06/2023,4.9,3.35,7,7.8
12/06/2023,4.9,3.35,7,7.8
9/06/2023,4.9,3.35,7,7.8
8/06/2023,4.9,3.35,7,7.8
7/06/2023,4.9,3.35,7,7.8
6/06/2023,4.9,3.35,7,7.8
5/06/2023,4.9,3.35,7,7.8
2/06/2023,4.9,3.35,7,7.8
1/06/2023,4.9,3.35,7,7.8
31/05/2023,4.4,3.35,7,6.1
30/05/2023,4.4,3.35,7,6.1
29/05/2023,4.4,3.35,7,6.1
26/05/2023,4.4,3.35,7,6.1
25/05/2023,4.4,3.35,7,6.1
24/05/2023,4.4,3.35,7,6.1
23/05/2023,4.4,3.35,7,6.1
22/05/2023,4.4,3.35,7,6.1
19/05/2023,4.4,3.35,7,6.1
18/05/2023,4.4,3.35,7,6.1
17/05/2023,4.4,3.35,7,6.1
16/05/2023,4.4,3.35,7,6.1
15/05/2023,4.4,3.35,7,6.1
12/05/2023,4.4,3.35,7,6.1
11/05/2023,4.4,3.35,7,6.1
10/05/2023,4.4,3.35,7,6.1
9/05/2023,4.4,3.35,7,6.1
8/05/2023,4.4,3.35,7,6.1
5/05/2023,4.4,3.35,7,6.1
4/05/2023,4.4,3.35,7,6.1
3/05/2023,4.4,3.35,7,6.1
2/05/2023,4.4,3.35,7,6.1
28/04/2023,4,3.35,7.79,6.1
27/04/2023,4,3.35,7.79,6.1
26/04/2023,4,3.35,7.79,6.1
25/04/2023,4,3.35,7.79,6.1
24/04/2023,4,3.35,7.79,6.1
21/04/2023,4,3.35,7.79,6.1
20/04/2023,4,3.35,7.79,6.1
19/04/2023,4,3.35,7.79,6.1
18/04/2023,4,3.35,7.79,6.1
17/04/2023,4,3.35,7.79,6.1
13/04/2023,4,3.35,7.79,6.1
12/04/2023,4,3.35,7.79,6.1
11/04/2023,4,3.35,7.79,6.1
10/04/2023,4,3.35,7.79,6.1
6/04/2023,4,3.35,7.79,6.1
5/04/2023,4,3.35,7.79,6.1
3/04/2023,4,3.35,7.79,6.1
31/03/2023,4,3.35,6.95,6.1
29/03/2023,4,3.35,6.95,6.1
28/03/2023,4,3.35,6.95,6.1
27/03/2023,4,3.35,6.95,6.1
24/03/2023,4,3.35,6.95,6.1
23/03/2023,4,3.35,6.95,6.1
22/03/2023,4,3.35,6.95,6.1
21/03/2023,4,3.35,6.95,6.1
20/03/2023,4,3.35,6.95,6.1
17/03/2023,4,3.35,6.95,6.1
16/03/2023,4,3.35,6.95,6.1
15/03/2023,4,3.35,6.95,6.1
14/03/2023,4,3.35,6.95,6.1
13/03/2023,4,3.35,6.95,6.1
10/03/2023,4,3.35,6.95,6.1
9/03/2023,4,3.35,6.95,6.1
8/03/2023,4,3.35,6.95,6.1
6/03/2023,4,3.35,6.95,6.1
3/03/2023,4,3.35,6.95,6.1
2/03/2023,4,3.35,6.95,6.1
1/03/2023,4,3.35,6.95,6.1
28/02/2023,4,3.35,6.07,4.4
27/02/2023,4,3.35,6.07,4.4
24/02/2023,4,3.35,6.07,4.4
23/02/2023,4,3.35,6.07,4.4
22/02/2023,4,3.35,6.07,4.4
21/02/2023,4,3.35,6.07,4.4
20/02/2023,4,3.35,6.07,4.4
17/02/2023,4,3.35,6.07,4.4
16/02/2023,4,3.35,6.07,4.4
15/02/2023,4,3.35,6.07,4.4
14/02/2023,4,3.35,6.07,4.4
13/02/2023,4,3.35,6.07,4.4
10/02/2023,4,3.35,6.07,4.4
9/02/2023,4,3.35,6.07,4.4
8/02/2023,4,3.35,6.07,4.4
7/02/2023,4,3.35,6.07,4.4
6/02/2023,4,3.35,6.07,4.4
3/02/2023,4,3.35,6.07,4.4
2/02/2023,4,3.35,6.07,4.4
1/02/2023,4,3.35,6.07,4.4
31/01/2023,6.25,3.35,6.52,4.4
30/01/2023,6.25,3.35,6.52,4.4
27/01/2023,6.25,3.35,6.52,4.4
25/01/2023,6.25,3.35,6.52,4.4
24/01/2023,6.25,3.35,6.52,4.4
23/01/2023,6.25,3.35,6.52,4.4
20/01/2023,6.25,3.35,6.52,4.4
19/01/2023,6.25,3.35,6.52,4.4
18/01/2023,6.25,3.35,6.52,4.4
17/01/2023,6.25,3.35,6.52,4.4
16/01/2023,6.25,3.35,6.52,4.4
13/01/2023,6.25,3.35,6.52,4.4
12/01/2023,6.25,3.35,6.52,4.4
11/01/2023,6.25,3.35,6.52,4.4
10/01/2023,6.25,3.35,6.52,4.4
9/01/2023,6.25,3.35,6.52,4.4
6/01/2023,6.25,3.35,6.52,4.4
5/01/2023,6.25,3.35,6.52,4.4
4/01/2023,6.25,3.35,6.52,4.4
3/01/2023,6.25,3.35,6.52,4.4
2/01/2023,6.25,3.35,6.52,4.4
30/12/2022,6.25,3.35,5.72,4.4
29/12/2022,6.25,3.35,5.72,4.4
28/12/2022,6.25,3.35,5.72,4.4
27/12/2022,6.25,3.35,5.72,4.4
26/12/2022,6.25,3.35,5.72,4.4
23/12/2022,6.25,3.35,5.72,4.4
22/12/2022,6.25,3.35,5.72,4.4
21/12/2022,6.25,3.35,5.72,4.4
20/12/2022,6.25,3.35,5.72,4.4
19/12/2022,6.25,3.35,5.72,4.4
16/12/2022,6.25,3.35,5.72,4.4
15/12/2022,6.25,3.35,5.72,4.4
14/12/2022,6.25,3.35,5.72,4.4
13/12/2022,6.25,3.35,5.72,4.4
12/12/2022,6.25,3.35,5.72,4.4
9/12/2022,6.25,3.35,5.72,4.4
8/12/2022,6.25,3.35,5.72,4.4
7/12/2022,6.25,3.35,5.72,4.4
6/12/2022,6.25,3.35,5.72,4.4
5/12/2022,6.25,3.35,5.72,4.4
2/12/2022,6.25,3.35,5.72,4.4
1/12/2022,6.25,3.35,5.72,4.4
30/11/2022,5.9,3.35,5.88,6.3
29/11/2022,5.9,3.35,5.88,6.3
28/11/2022,5.9,3.35,5.88,6.3
25/11/2022,5.9,3.35,5.88,6.3
24/11/2022,5.9,3.35,5.88,6.3
23/11/2022,5.9,3.35,5.88,6.3
22/11/2022,5.9,3.35,5.88,6.3
21/11/2022,5.9,3.35,5.88,6.3
18/11/2022,5.9,3.35,5.88,6.3
17/11/2022,5.9,3.35,5.88,6.3
16/11/2022,5.9,3.35,5.88,6.3
15/11/2022,5.9,3.35,5.88,6.3
14/11/2022,5.9,3.35,5.88,6.3
11/11/2022,5.9,3.35,5.88,6.3
10/11/2022,5.9,3.35,5.88,6.3
9/11/2022,5.9,3.35,5.88,6.3
7/11/2022,5.9,3.35,5.88,6.3
4/11/2022,5.9,3.35,5.88,6.3
3/11/2022,5.9,3.35,5.88,6.3
2/11/2022,5.9,3.35,5.88,6.3
1/11/2022,5.9,3.35,5.88,6.3
31/10/2022,5.9,3.35,6.77,6.3
28/10/2022,5.9,3.35,6.77,6.3
27/10/2022,5.9,3.35,6.77,6.3
25/10/2022,5.9,3.35,6.77,6.3
24/10/2022,5.9,3.35,6.77,6.3
21/10/2022,5.9,3.35,6.77,6.3
20/10/2022,5.9,3.35,6.77,6.3
19/10/2022,5.9,3.35,6.77,6.3
18/10/2022,5.9,3.35,6.77,6.3
17/10/2022,5.9,3.35,6.77,6.3
14/10/2022,5.9,3.35,6.77,6.3
13/10/2022,5.9,3.35,6.77,6.3
12/10/2022,5.9,3.35,6.77,6.3
11/10/2022,5.9,3.35,6.77,6.3
10/10/2022,5.9,3.35,6.77,6.3
7/10/2022,5.9,3.35,6.77,6.3
6/10/2022,5.9,3.35,6.77,6.3
4/10/2022,5.9,3.35,6.77,6.3
3/10/2022,5.9,3.35,6.77,6.3
30/09/2022,5.9,3.35,7.41,6.3
29/09/2022,5.9,3.35,7.41,6.3
28/09/2022,5.9,3.35,7.41,6.3
27/09/2022,5.9,3.35,7.41,6.3
26/09/2022,5.9,3.35,7.41,6.3
23/09/2022,5.9,3.35,7.41,6.3
22/09/2022,5.9,3.35,7.41,6.3
21/09/2022,5.9,3.35,7.41,6.3
20/09/2022,5.9,3.35,7.41,6.3
19/09/2022,5.9,3.35,7.41,6.3
16/09/2022,5.9,3.35,7.41,6.3
15/09/2022,5.9,3.35,7.41,6.3
14/09/2022,5.9,3.35,7.41,6.3
13/09/2022,5.9,3.35,7.41,6.3
12/09/2022,5.9,3.35,7.41,6.3
9/09/2022,5.9,3.35,7.41,6.3
8/09/2022,5.9,3.35,7.41,6.3
7/09/2022,5.9,3.35,7.41,6.3
6/09/2022,5.9,3.35,7.41,6.3
5/09/2022,5.9,3.35,7.41,6.3
2/09/2022,5.9,3.35,7.41,6.3
1/09/2022,5.9,3.35,7.41,6.3
30/08/2022,5.4,3.35,7,6.3
29/08/2022,5.4,3.35,7,13.5
26/08/2022,5.4,3.35,7,13.5
25/08/2022,5.4,3.35,7,13.5
24/08/2022,5.4,3.35,7,13.5
23/08/2022,5.4,3.35,7,13.5
22/08/2022,5.4,3.35,7,13.5
19/08/2022,5.4,3.35,7,13.5
18/08/2022,5.4,3.35,7,13.5
17/08/2022,5.4,3.35,7,13.5
16/08/2022,5.4,3.35,7,13.5
12/08/2022,5.4,3.35,7,13.5
11/08/2022,5.4,3.35,7,13.5
10/08/2022,5.4,3.35,7,13.5
8/08/2022,5.4,3.35,7,13.5
5/08/2022,5.4,3.35,7,13.5
4/08/2022,5.4,3.35,7,13.5
3/08/2022,5.4,3.35,7,13.5
2/08/2022,5.4,3.35,7,13.5
1/08/2022,5.4,3.35,7,13.5
29/07/2022,4.9,3.35,6.7,13.5
28/07/2022,4.9,3.35,6.7,13.5
27/07/2022,4.9,3.35,6.7,13.5
26/07/2022,4.9,3.35,6.7,13.5
25/07/2022,4.9,3.35,6.7,13.5
22/07/2022,4.9,3.35,6.7,13.5
21/07/2022,4.9,3.35,6.7,13.5
20/07/2022,4.9,3.35,6.7,13.5
19/07/2022,4.9,3.35,6.7,13.5
18/07/2022,4.9,3.35,6.7,13.5
15/07/2022,4.9,3.35,6.7,13.5
14/07/2022,4.9,3.35,6.7,13.5
13/07/2022,4.9,3.35,6.7,13.5
12/07/2022,4.9,3.35,6.7,13.5
11/07/2022,4.9,3.35,6.7,13.5
8/07/2022,4.9,3.35,6.7,13.5
7/07/2022,4.9,3.35,6.7,13.5
6/07/2022,4.9,3.35,6.7,13.5
5/07/2022,4.9,3.35,6.7,13.5
4/07/2022,4.9,3.35,6.7,13.5
1/07/2022,4.9,3.35,6.7,13.5
30/06/2022,4.9,3.35,7,13.5
29/06/2022,4.9,3.35,7,13.5
28/06/2022,4.9,3.35,7,13.5
27/06/2022,4.9,3.35,7,13.5
24/06/2022,4.9,3.35,7,13.5
23/06/2022,4.9,3.35,7,13.5
22/06/2022,4.9,3.35,7,13.5
21/06/2022,4.9,3.35,7,13.5
20/06/2022,4.9,3.35,7,13.5
17/06/2022,4.9,3.35,7,13.5
16/06/2022,4.9,3.35,7,13.5
15/06/2022,4.9,3.35,7,13.5
14/06/2022,4.9,3.35,7,13.5
13/06/2022,4.9,3.35,7,13.5
10/06/2022,4.9,3.35,7,13.5
9/06/2022,4.9,3.35,7,13.5
8/06/2022,4.9,3.35,7,13.5
7/06/2022,4.9,3.35,7,13.5
6/06/2022,4.9,3.35,7,13.5
3/06/2022,4.9,3.35,7,13.5
2/06/2022,4.9,3.35,7,13.5
1/06/2022,4.9,3.35,7,4.1
31/05/2022,4.4,3.35,7,4.1
30/05/2022,4.4,3.35,7,4.1
27/05/2022,4.4,3.35,7,4.1
26/05/2022,4.4,3.35,7,4.1
25/05/2022,4.4,3.35,7,4.1
24/05/2022,4.4,3.35,7,4.1
23/05/2022,4.4,3.35,7,4.1
20/05/2022,4.4,3.35,7,4.1
19/05/2022,4.4,3.35,7,4.1
18/05/2022,4.4,3.35,7,4.1
17/05/2022,4.4,3.35,7,4.1
16/05/2022,4.4,3.35,7,4.1
13/05/2022,4.4,3.35,7,4.1
12/05/2022,4.4,3.35,7,4.1
11/05/2022,4.4,3.35,7,4.1
10/05/2022,4.4,3.35,7,4.1
9/05/2022,4.4,3.35,7,4.1
6/05/2022,4.4,3.35,7,4.1
5/05/2022,4.4,3.35,7,4.1
4/05/2022,4.4,3.35,7,4.1
2/05/2022,4.4,3.35,7,4.1
29/04/2022,4,3.35,7.79,4.1
28/04/2022,4,3.35,7.79,4.1
27/04/2022,4,3.35,7.79,4.1
26/04/2022,4,3.35,7.79,4.1
25/04/2022,4,3.35,7.79,4.1
22/04/2022,4,3.35,7.79,4.1
21/04/2022,4,3.35,7.79,4.1
20/04/2022,4,3.35,7.79,4.1
19/04/2022,4,3.35,7.79,4.1
18/04/2022,4,3.35,7.79,4.1
13/04/2022,4,3.35,7.79,4.1
12/04/2022,4,3.35,7.79,4.1
11/04/2022,4,3.35,7.79,4.1
8/04/2022,4,3.35,7.79,4.1
7/04/2022,4,3.35,7.79,4.1
6/04/2022,4,3.35,7.79,4.1
5/04/2022,4,3.35,7.79,4.1
4/04/2022,4,3.35,7.79,4.1
1/04/2022,4,3.35,7.79,4.1
31/03/2022,4,3.35,6.95,4.1
30/03/2022,4,3.35,6.95,4.1
29/03/2022,4,3.35,6.95,4.1
28/03/2022,4,3.35,6.95,4.1
25/03/2022,4,3.35,6.95,4.1
24/03/2022,4,3.35,6.95,4.1
23/03/2022,4,3.35,6.95,4.1
22/03/2022,4,3.35,6.95,4.1
21/03/2022,4,3.35,6.95,4.1
17/03/2022,4,3.35,6.95,4.1
16/03/2022,4,3.35,6.95,4.1
15/03/2022,4,3.35,6.95,4.1
14/03/2022,4,3.35,6.95,4.1
11/03/2022,4,3.35,6.95,4.1
10/03/2022,4,3.35,6.95,4.1
9/03/2022,4,3.35,6.95,4.1
8/03/2022,4,3.35,6.95,4.1
7/03/2022,4,3.35,6.95,4.1
4/03/2022,4,3.35,6.95,4.1
3/03/2022,4,3.35,6.95,4.1
2/03/2022,4,3.35,6.95,4.1
28/02/2022,4,3.35,6.07,4.1
25/02/2022,4,3.35,6.07,4.1
24/02/2022,4,3.35,6.07,4.1
23/02/2022,4,3.35,6.07,4.1
22/02/2022,4,3.35,6.07,4.1
21/02/2022,4,3.35,6.07,4.1
18/02/2022,4,3.35,6.07,4.1
17/02/2022,4,3.35,6.07,4.1
16/02/2022,4,3.35,6.07,4.1
15/02/2022,4,3.35,6.07,4.1
14/02/2022,4,3.35,6.07,4.1
11/02/2022,4,3.35,6.07,4.1
10/02/2022,4,3.35,6.07,4.1
9/02/2022,4,3.35,6.07,4.1
8/02/2022,4,3.35,6.07,4.1
7/02/2022,4,3.35,6.07,4.1
4/02/2022,4,3.35,6.07,4.1
3/02/2022,4,3.35,6.07,4.1
2/02/2022,4,3.35,6.07,4.1
1/02/2022,4,3.35,6.07,4.1
31/01/2022,4,3.35,6.01,4.1
28/01/2022,4,3.35,6.01,4.1
27/01/2022,4,3.35,6.01,4.1
25/01/2022,4,3.35,6.01,4.1
24/01/2022,4,3.35,6.01,4.1
21/01/2022,4,3.35,6.01,4.1
20/01/2022,4,3.35,6.01,4.1
19/01/2022,4,3.35,6.01,4.1
18/01/2022,4,3.35,6.01,4.1
17/01/2022,4,3.35,6.01,4.1
14/01/2022,4,3.35,6.01,4.1
13/01/2022,4,3.35,6.01,4.1
12/01/2022,4,3.35,6.01,4.1
11/01/2022,4,3.35,6.01,4.1
10/01/2022,4,3.35,6.01,4.1
7/01/2022,4,3.35,6.01,4.1
6/01/2022,4,3.35,6.01,4.1
5/01/2022,4,3.35,6.01,4.1
4/01/2022,4,3.35,6.01,4.1
3/01/2022,4,3.35,6.01,4.1
31/12/2021,4,3.35,5.7,4.1
30/12/2021,4,3.35,5.7,4.1
29/12/2021,4,3.35,5.7,4.1
28/12/2021,4,3.35,5.7,4.1
27/12/2021,4,3.35,5.7,4.1
24/12/2021,4,3.35,5.7,4.1
23/12/2021,4,3.35,5.7,4.1
22/12/2021,4,3.35,5.7,4.1
21/12/2021,4,3.35,5.7,4.1
20/12/2021,4,3.35,5.7,4.1
17/12/2021,4,3.35,5.7,4.1
16/12/2021,4,3.35,5.7,4.1
15/12/2021,4,3.35,5.7,4.1
14/12/2021,4,3.35,5.7,4.1
13/12/2021,4,3.35,5.7,4.1
10/12/2021,4,3.35,5.7,4.1
9/12/2021,4,3.35,5.7,4.1
8/12/2021,4,3.35,5.7,4.1
7/12/2021,4,3.35,5.7,4.1
6/12/2021,4,3.35,5.7,4.1
3/12/2021,4,3.35,5.7,4.1
2/12/2021,4,3.35,5.7,4.1
1/12/2021,4,3.35,5.7,4.1
30/11/2021,4,3.35,4.91,4.1
29/11/2021,4,3.35,4.91,4.1
26/11/2021,4,3.35,4.91,4.1
25/11/2021,4,3.35,4.91,4.1
24/11/2021,4,3.35,4.91,4.1
23/11/2021,4,3.35,4.91,4.1
22/11/2021,4,3.35,4.91,4.1
18/11/2021,4,3.35,4.91,4.1
17/11/2021,4,3.35,4.91,4.1
16/11/2021,4,3.35,4.91,4.1
15/11/2021,4,3.35,4.91,4.1
12/11/2021,4,3.35,4.91,4.1
11/11/2021,4,3.35,4.91,4.1
10/11/2021,4,3.35,4.91,4.1
9/11/2021,4,3.35,4.91,4.1
8/11/2021,4,3.35,4.91,4.1
4/11/2021,4,3.35,4.91,4.1
3/11/2021,4,3.35,4.91,4.1
2/11/2021,4,3.35,4.91,4.1
1/11/2021,4,3.35,4.91,4.1
29/10/2021,4,3.35,4.48,4.1
28/10/2021,4,3.35,4.48,4.1
27/10/2021,4,3.35,4.48,4.1
26/10/2021,4,3.35,4.48,4.1
25/10/2021,4,3.35,4.48,4.1
22/10/2021,4,3.35,4.48,4.1
21/10/2021,4,3.35,4.48,4.1
20/10/2021,4,3.35,4.48,4.1
19/10/2021,4,3.35,4.48,4.1
18/10/2021,4,3.35,4.48,4.1
14/10/2021,4,3.35,4.48,4.1
13/10/2021,4,3.35,4.48,4.1
12/10/2021,4,3.35,4.48,4.1
11/10/2021,4,3.35,4.48,4.1
8/10/2021,4,3.35,4.48,4.1
7/10/2021,4,3.35,4.48,4.1
6/10/2021,4,3.35,4.48,4.1
5/10/2021,4,3.35,4.48,4.1
4/10/2021,4,3.35,4.48,4.1
1/10/2021,4,3.35,4.48,4.1
30/09/2021,4,3.35,4.32,4.1
29/09/2021,4,3.35,4.32,4.1
28/09/2021,4,3.35,4.32,4.1
27/09/2021,4,3.35,4.32,4.1
24/09/2021,4,3.35,4.32,4.1
23/09/2021,4,3.35,4.32,4.1
22/09/2021,4,3.35,4.32,4.1
21/09/2021,4,3.35,4.32,4.1
20/09/2021,4,3.35,4.32,4.1
17/09/2021,4,3.35,4.32,4.1
16/09/2021,4,3.35,4.32,4.1
15/09/2021,4,3.35,4.32,4.1
14/09/2021,4,3.35,4.32,4.1
13/09/2021,4,3.35,4.32,4.1
9/09/2021,4,3.35,4.32,4.1
8/09/2021,4,3.35,4.32,4.1
7/09/2021,4,3.35,4.32,4.1
6/09/2021,4,3.35,4.32,4.1
3/09/2021,4,3.35,4.32,4.1
2/09/2021,4,3.35,4.32,4.1
1/09/2021,4,3.35,4.32,4.1
31/08/2021,4,3.35,5.3,4.1
30/08/2021,4,3.35,5.3,4.1
27/08/2021,4,3.35,5.3,4.1
26/08/2021,4,3.35,5.3,4.1
25/08/2021,4,3.35,5.3,4.1
24/08/2021,4,3.35,5.3,4.1
23/08/2021,4,3.35,5.3,4.1
20/08/2021,4,3.35,5.3,4.1
18/08/2021,4,3.35,5.3,4.1
17/08/2021,4,3.35,5.3,4.1
16/08/2021,4,3.35,5.3,4.1
13/08/2021,4,3.35,5.3,4.1
12/08/2021,4,3.35,5.3,4.1
11/08/2021,4,3.35,5.3,4.1
10/08/2021,4,3.35,5.3,4.1
9/08/2021,4,3.35,5.3,4.1
6/08/2021,4,3.35,5.3,4.1
5/08/2021,4,3.35,5.3,4.1
4/08/2021,4,3.35,5.3,4.1
3/08/2021,4,3.35,5.3,4.1
2/08/2021,4,3.35,5.3,4.1
30/07/2021,4,3.35,5.59,4.1
29/07/2021,4,3.35,5.59,4.1
28/07/2021,4,3.35,5.59,4.1
27/07/2021,4,3.35,5.59,4.1
26/07/2021,4,3.35,5.59,4.1
23/07/2021,4,3.35,5.59,4.1
22/07/2021,4,3.35,5.59,4.1
20/07/2021,4,3.35,5.59,4.1
19/07/2021,4,3.35,5.59,4.1
16/07/2021,4,3.35,5.59,4.1
15/07/2021,4,3.35,5.59,4.1
14/07/2021,4,3.35,5.59,4.1
13/07/2021,4,3.35,5.59,4.1
12/07/2021,4,3.35,5.59,4.1
9/07/2021,4,3.35,5.59,4.1
8/07/2021,4,3.35,5.59,4.1
7/07/2021,4,3.35,5.59,4.1
6/07/2021,4,3.35,5.59,4.1
5/07/2021,4,3.35,5.59,4.1
2/07/2021,4,3.35,5.59,4.1
1/07/2021,4,3.35,5.59,4.1
30/06/2021,4,3.35,6.26,4.1
29/06/2021,4,3.35,6.26,4.1
28/06/2021,4,3.35,6.26,4.1
25/06/2021,4,3.35,6.26,4.1
24/06/2021,4,3.35,6.26,4.1
23/06/2021,4,3.35,6.26,4.1
22/06/2021,4,3.35,6.26,4.1
21/06/2021,4,3.35,6.26,4.1
18/06/2021,4,3.35,6.26,4.1
17/06/2021,4,3.35,6.26,4.1
16/06/2021,4,3.35,6.26,4.1
15/06/2021,4,3.35,6.26,4.1
14/06/2021,4,3.35,6.26,4.1
11/06/2021,4,3.35,6.26,4.1
10/06/2021,4,3.35,6.26,4.1
9/06/2021,4,3.35,6.26,4.1
8/06/2021,4,3.35,6.26,4.1
7/06/2021,4,3.35,6.26,4.1
4/06/2021,4,3.35,6.26,4.1
3/06/2021,4,3.35,6.26,4.1
2/06/2021,4,3.35,6.26,4.1
1/06/2021,4,3.35,6.26,4.1
31/05/2021,4,3.35,6.3,5.4
28/05/2021,4,3.35,6.3,5.4
27/05/2021,4,3.35,6.3,5.4
26/05/2021,4,3.35,6.3,5.4
25/05/2021,4,3.35,6.3,5.4
24/05/2021,4,3.35,6.3,5.4
21/05/2021,4,3.35,6.3,5.4
20/05/2021,4,3.35,6.3,5.4
19/05/2021,4,3.35,6.3,5.4
18/05/2021,4,3.35,6.3,5.4
17/05/2021,4,3.35,6.3,5.4
14/05/2021,4,3.35,6.3,5.4
12/05/2021,4,3.35,6.3,5.4
11/05/2021,4,3.35,6.3,5.4
10/05/2021,4,3.35,6.3,5.4
7/05/2021,4,3.35,6.3,5.4
6/05/2021,4,3.35,6.3,5.4
5/05/2021,4,3.35,6.3,5.4
4/05/2021,4,3.35,6.3,5.4
3/05/2021,4,3.35,6.3,5.4
30/04/2021,4,3.35,4.2,5.4
29/04/2021,4,3.35,4.2,5.4
28/04/2021,4,3.35,4.2,5.4
27/04/2021,4,3.35,4.2,5.4
26/04/2021,4,3.35,4.2,5.4
23/04/2021,4,3.35,4.2,5.4
22/04/2021,4,3.35,4.2,5.4
20/04/2021,4,3.35,4.2,5.4
19/04/2021,4,3.35,4.2,5.4
16/04/2021,4,3.35,4.2,5.4
15/04/2021,4,3.35,4.2,5.4
13/04/2021,4,3.35,4.2,5.4
12/04/2021,4,3.35,4.2,5.4
9/04/2021,4,3.35,4.2,5.4
8/04/2021,4,3.35,4.2,5.4
7/04/2021,4,3.35,4.2,5.4
6/04/2021,4,3.35,4.2,5.4
5/04/2021,4,3.35,4.2,5.4
1/04/2021,4,3.35,4.2,5.4
31/03/2021,4,3.35,5.5,5.4
30/03/2021,4,3.35,5.5,5.4
26/03/2021,4,3.35,5.5,5.4
25/03/2021,4,3.35,5.5,5.4
24/03/2021,4,3.35,5.5,5.4
23/03/2021,4,3.35,5.5,5.4
22/03/2021,4,3.35,5.5,5.4
19/03/2021,4,3.35,5.5,5.4
18/03/2021,4,3.35,5.5,5.4
17/03/2021,4,3.35,5.5,5.4
16/03/2021,4,3.35,5.5,5.4
15/03/2021,4,3.35,5.5,5.4
12/03/2021,4,3.35,5.5,5.4
10/03/2021,4,3.35,5.5,5.4
9/03/2021,4,3.35,5.5,5.4
8/03/2021,4,3.35,5.5,5.4
5/03/2021,4,3.35,5.5,5.4
4/03/2021,4,3.35,5.5,5.4
3/03/2021,4,3.35,5.5,5.4
2/03/2021,4,3.35,5.5,5.4
1/03/2021,4,3.35,5.5,5.4
26/02/2021,4,3.35,5.03,8.4
25/02/2021,4,3.35,5.03,8.4
24/02/2021,4,3.35,5.03,8.4
23/02/2021,4,3.35,5.03,8.4
22/02/2021,4,3.35,5.03,8.4
19/02/2021,4,3.35,5.03,8.4
18/02/2021,4,3.35,5.03,8.4
17/02/2021,4,3.35,5.03,8.4
16/02/2021,4,3.35,5.03,8.4
15/02/2021,4,3.35,5.03,8.4
12/02/2021,4,3.35,5.03,8.4
11/02/2021,4,3.35,5.03,8.4
10/02/2021,4,3.35,5.03,8.4
9/02/2021,4,3.35,5.03,8.4
8/02/2021,4,3.35,5.03,8.4
5/02/2021,4,3.35,5.03,8.4
4/02/2021,4,3.35,5.03,8.4
3/02/2021,4,3.35,5.03,8.4
2/02/2021,4,3.35,5.03,8.4
1/02/2021,4,3.35,5.03,8.4
29/01/2021,4,3.35,4.06,8.4
28/01/2021,4,3.35,4.06,8.4
27/01/2021,4,3.35,4.06,8.4
25/01/2021,4,3.35,4.06,8.4
22/01/2021,4,3.35,4.06,8.4
21/01/2021,4,3.35,4.06,8.4
20/01/2021,4,3.35,4.06,8.4
19/01/2021,4,3.35,4.06,8.4
18/01/2021,4,3.35,4.06,8.4
15/01/2021,4,3.35,4.06,8.4
14/01/2021,4,3.35,4.06,8.4
13/01/2021,4,3.35,4.06,8.4
12/01/2021,4,3.35,4.06,8.4
11/01/2021,4,3.35,4.06,8.4
8/01/2021,4,3.35,4.06,8.4
7/01/2021,4,3.35,4.06,8.4
6/01/2021,4,3.35,4.06,8.4
5/01/2021,4,3.35,4.06,8.4
4/01/2021,4,3.35,4.06,8.4
1/01/2021,4,3.35,4.06,8.4
31/12/2020,4,3.35,4.59,8.4
30/12/2020,4,3.35,4.59,8.4
29/12/2020,4,3.35,4.59,8.4
28/12/2020,4,3.35,4.59,8.4
24/12/2020,4,3.35,4.59,8.4
23/12/2020,4,3.35,4.59,8.4
22/12/2020,4,3.35,4.59,8.4
21/12/2020,4,3.35,4.59,8.4
18/12/2020,4,3.35,4.59,8.4
17/12/2020,4,3.35,4.59,8.4
16/12/2020,4,3.35,4.59,8.4
15/12/2020,4,3.35,4.59,8.4
14/12/2020,4,3.35,4.59,8.4
11/12/2020,4,3.35,4.59,8.4
10/12/2020,4,3.35,4.59,8.4
9/12/2020,4,3.35,4.59,8.4
8/12/2020,4,3.35,4.59,8.4
7/12/2020,4,3.35,4.59,8.4
4/12/2020,4,3.35,4.59,8.4
3/12/2020,4,3.35,4.59,8.4
2/12/2020,4,3.35,4.59,8.4
1/12/2020,4,3.35,4.59,8.4
27/11/2020,4,3.35,6.93,20.1
26/11/2020,4,3.35,6.93,20.1
25/11/2020,4,3.35,6.93,20.1
24/11/2020,4,3.35,6.93,20.1
23/11/2020,4,3.35,6.93,20.1
20/11/2020,4,3.35,6.93,20.1
19/11/2020,4,3.35,6.93,20.1
18/11/2020,4,3.35,6.93,20.1
17/11/2020,4,3.35,6.93,20.1
14/11/2020,4,3.35,6.93,20.1
13/11/2020,4,3.35,6.93,20.1
12/11/2020,4,3.35,6.93,20.1
11/11/2020,4,3.35,6.93,20.1
10/11/2020,4,3.35,6.93,20.1
9/11/2020,4,3.35,6.93,20.1
6/11/2020,4,3.35,6.93,20.1
5/11/2020,4,3.35,6.93,20.1
4/11/2020,4,3.35,6.93,20.1
3/11/2020,4,3.35,6.93,20.1
2/11/2020,4,3.35,6.93,20.1
30/10/2020,4,3.35,7.61,20.1
29/10/2020,4,3.35,7.61,20.1
28/10/2020,4,3.35,7.61,20.1
27/10/2020,4,3.35,7.61,20.1
26/10/2020,4,3.35,7.61,20.1
23/10/2020,4,3.35,7.61,20.1
22/10/2020,4,3.35,7.61,20.1
21/10/2020,4,3.35,7.61,20.1
20/10/2020,4,3.35,7.61,20.1
19/10/2020,4,3.35,7.61,20.1
16/10/2020,4,3.35,7.61,20.1
15/10/2020,4,3.35,7.61,20.1
14/10/2020,4,3.35,7.61,20.1
13/10/2020,4,3.35,7.61,20.1
12/10/2020,4,3.35,7.61,20.1
9/10/2020,4,3.35,7.61,20.1
8/10/2020,4,3.35,7.61,20.1
7/10/2020,4,3.35,7.61,20.1
6/10/2020,4,3.35,7.61,20.1
5/10/2020,4,3.35,7.61,20.1
1/10/2020,4,3.35,7.61,20.1
30/09/2020,4,3.35,7.34,20.1
29/09/2020,4,3.35,7.34,20.1
28/09/2020,4,3.35,7.34,20.1
25/09/2020,4,3.35,7.34,20.1
24/09/2020,4,3.35,7.34,20.1
23/09/2020,4,3.35,7.34,20.1
22/09/2020,4,3.35,7.34,20.1
21/09/2020,4,3.35,7.34,20.1
18/09/2020,4,3.35,7.34,20.1
17/09/2020,4,3.35,7.34,20.1
16/09/2020,4,3.35,7.34,20.1
15/09/2020,4,3.35,7.34,20.1
14/09/2020,4,3.35,7.34,20.1
11/09/2020,4,3.35,7.34,20.1
10/09/2020,4,3.35,7.34,20.1
9/09/2020,4,3.35,7.34,20.1
8/09/2020,4,3.35,7.34,20.1
7/09/2020,4,3.35,7.34,20.1
4/09/2020,4,3.35,7.34,20.1
3/09/2020,4,3.35,7.34,20.1
2/09/2020,4,3.35,7.34,20.1
1/09/2020,4,3.35,7.34,20.1
31/08/2020,4,3.35,6.69,1.6
28/08/2020,4,3.35,6.69,1.6
27/08/2020,4,3.35,6.69,1.6
26/08/2020,4,3.35,6.69,1.6
25/08/2020,4,3.35,6.69,1.6
24/08/2020,4,3.35,6.69,1.6
21/08/2020,4,3.35,6.69,1.6
20/08/2020,4,3.35,6.69,1.6
19/08/2020,4,3.35,6.69,1.6
18/08/2020,4,3.35,6.69,1.6
17/08/2020,4,3.35,6.69,1.6
14/08/2020,4,3.35,6.69,1.6
13/08/2020,4,3.35,6.69,1.6
12/08/2020,4,3.35,6.69,1.6
11/08/2020,4,3.35,6.69,1.6
10/08/2020,4,3.35,6.69,1.6
7/08/2020,4,3.35,6.69,1.6
6/08/2020,4,3.35,6.69,1.6
5/08/2020,4,3.35,6.69,1.6
4/08/2020,4,3.35,6.69,1.6
3/08/2020,4,3.35,6.69,1.6
31/07/2020,4,3.35,6.7,1.6
30/07/2020,4,3.35,6.7,1.6
29/07/2020,4,3.35,6.7,1.6
28/07/2020,4,3.35,6.7,1.6
27/07/2020,4,3.35,6.7,1.6
24/07/2020,4,3.35,6.7,1.6
23/07/2020,4,3.35,6.7,1.6
22/07/2020,4,3.35,6.7,1.6
21/07/2020,4,3.35,6.7,1.6
20/07/2020,4,3.35,6.7,1.6
17/07/2020,4,3.35,6.7,1.6
16/07/2020,4,3.35,6.7,1.6
15/07/2020,4,3.35,6.7,1.6
14/07/2020,4,3.35,6.7,1.6
13/07/2020,4,3.35,6.7,1.6
10/07/2020,4,3.35,6.7,1.6
9/07/2020,4,3.35,6.7,1.6
8/07/2020,4,3.35,6.7,1.6
7/07/2020,4,3.35,6.7,1.6
6/07/2020,4,3.35,6.7,1.6
3/07/2020,4,3.35,6.7,1.6
2/07/2020,4,3.35,6.7,1.6
1/07/2020,4,3.35,6.7,1.6
30/06/2020,4,3.35,6.23,1.6
29/06/2020,4,3.35,6.23,1.6
26/06/2020,4,3.35,6.23,1.6
25/06/2020,4,3.35,6.23,1.6
24/06/2020,4,3.35,6.23,1.6
23/06/2020,4,3.35,6.23,1.6
22/06/2020,4,3.35,6.23,1.6
19/06/2020,4,3.35,6.23,1.6
18/06/2020,4,3.35,6.23,1.6
17/06/2020,4,3.35,6.23,1.6
16/06/2020,4,3.35,6.23,1.6
15/06/2020,4,3.35,6.23,1.6
12/06/2020,4,3.35,6.23,1.6
11/06/2020,4,3.35,6.23,1.6
10/06/2020,4,3.35,6.23,1.6
9/06/2020,4,3.35,6.23,1.6
8/06/2020,4,3.35,6.23,1.6
5/06/2020,4,3.35,6.23,1.6
4/06/2020,4,3.35,6.23,1.6
3/06/2020,4,3.35,6.23,1.6
2/06/2020,4,3.35,6.23,1.6
1/06/2020,4,3.35,6.23,1.6
29/05/2020,4,3.35,6.27,0.4
28/05/2020,4,3.35,6.27,0.4
27/05/2020,4,3.35,6.27,0.4
26/05/2020,4,3.35,6.27,0.4
22/05/2020,4,3.35,6.27,0.4
21/05/2020,4,3.35,6.27,0.4
20/05/2020,4,3.35,6.27,0.4
19/05/2020,4,3.35,6.27,0.4
18/05/2020,4,3.35,6.27,0.4
15/05/2020,4,3.35,6.27,0.4
14/05/2020,4,3.35,6.27,0.4
13/05/2020,4,3.35,6.27,0.4
12/05/2020,4,3.35,6.27,0.4
11/05/2020,4,3.35,6.27,0.4
8/05/2020,4,3.35,6.27,0.4
7/05/2020,4,3.35,6.27,0.4
6/05/2020,4,3.35,6.27,0.4
5/05/2020,4,3.35,6.27,0.4
4/05/2020,4,3.35,6.27,0.4
30/04/2020,4.4,3.75,7.2,0.4
29/04/2020,4.4,3.75,7.2,0.4
28/04/2020,4.4,3.75,7.2,0.4
27/04/2020,4.4,3.75,7.2,0.4
24/04/2020,4.4,3.75,7.2,0.4
23/04/2020,4.4,3.75,7.2,0.4
22/04/2020,4.4,3.75,7.2,0.4
21/04/2020,4.4,3.75,7.2,0.4
20/04/2020,4.4,3.75,7.2,0.4
17/04/2020,4.4,3.75,7.2,0.4
16/04/2020,4.4,3.75,7.2,0.4
15/04/2020,4.4,3.75,7.2,0.4
13/04/2020,4.4,3.75,7.2,0.4
9/04/2020,4.4,3.75,7.2,0.4
8/04/2020,4.4,3.75,7.2,0.4
7/04/2020,4.4,3.75,7.2,0.4
3/04/2020,4.4,3.75,7.2,0.4
1/04/2020,4.4,3.75,7.2,0.4
31/03/2020,4.4,4,5.84,0.4
30/03/2020,4.4,4,5.84,0.4
27/03/2020,4.4,4,5.84,0.4
26/03/2020,4.4,4,5.84,0.4
25/03/2020,4.4,4,5.84,0.4
24/03/2020,4.4,4,5.84,0.4
23/03/2020,4.4,4,5.84,0.4
20/03/2020,4.4,4,5.84,0.4
19/03/2020,4.4,4,5.84,0.4
18/03/2020,4.4,4,5.84,0.4
17/03/2020,4.4,4,5.84,0.4
16/03/2020,4.4,4,5.84,0.4
13/03/2020,4.4,4,5.84,0.4
12/03/2020,4.4,4,5.84,0.4
11/03/2020,4.4,4,5.84,0.4
9/03/2020,4.4,4,5.84,0.4
6/03/2020,4.4,4,5.84,0.4
5/03/2020,4.4,4,5.84,0.4
4/03/2020,4.4,4,5.84,0.4
3/03/2020,4.4,4,5.84,0.4
2/03/2020,4.4,4,5.84,0.4
28/02/2020,5.15,4.9,6.58,-7.5
27/02/2020,5.15,4.9,6.58,-7.5
26/02/2020,5.15,4.9,6.58,-7.5
25/02/2020,5.15,4.9,6.58,-7.5
24/02/2020,5.15,4.9,6.58,-7.5
20/02/2020,5.15,4.9,6.58,-7.5
19/02/2020,5.15,4.9,6.58,-7.5
18/02/2020,5.15,4.9,6.58,-7.5
17/02/2020,5.15,4.9,6.58,-7.5
14/02/2020,5.15,4.9,6.58,-7.5
13/02/2020,5.15,4.9,6.58,-7.5
12/02/2020,5.15,4.9,6.58,-7.5
11/02/2020,5.15,4.9,6.58,-7.5
10/02/2020,5.15,4.9,6.58,-7.5
7/02/2020,5.15,4.9,6.58,-7.5
6/02/2020,5.15,4.9,6.58,-7.5
5/02/2020,5.15,4.9,6.58,-7.5
4/02/2020,5.15,4.9,6.58,-7.5
3/02/2020,5.15,4.9,6.58,-7.5
1/02/2020,5.15,4.9,6.58,-7.5
31/01/2020,5.15,4.9,7.59,-7.5
30/01/2020,5.15,4.9,7.59,-7.5
29/01/2020,5.15,4.9,7.59,-7.5
28/01/2020,5.15,4.9,7.59,-7.5
27/01/2020,5.15,4.9,7.59,-7.5
24/01/2020,5.15,4.9,7.59,-7.5
23/01/2020,5.15,4.9,7.59,-7.5
22/01/2020,5.15,4.9,7.59,-7.5
21/01/2020,5.15,4.9,7.59,-7.5
20/01/2020,5.15,4.9,7.59,-7.5
17/01/2020,5.15,4.9,7.59,-7.5
16/01/2020,5.15,4.9,7.59,-7.5
15/01/2020,5.15,4.9,7.59,-7.5
14/01/2020,5.15,4.9,7.59,-7.5
13/01/2020,5.15,4.9,7.59,-7.5
10/01/2020,5.15,4.9,7.59,-7.5
9/01/2020,5.15,4.9,7.59,-7.5
8/01/2020,5.15,4.9,7.59,-7.5
7/01/2020,5.15,4.9,7.59,-7.5
6/01/2020,5.15,4.9,7.59,-7.5
3/01/2020,5.15,4.9,7.59,-7.5
2/01/2020,5.15,4.9,7.59,-7.5
1/01/2020,5.15,4.9,7.59,-7.5
31/12/2019,5.15,4.9,7.35,-7.5
30/12/2019,5.15,4.9,7.35,-7.5
27/12/2019,5.15,4.9,7.35,-7.5
26/12/2019,5.15,4.9,7.35,-7.5
24/12/2019,5.15,4.9,7.35,-7.5
23/12/2019,5.15,4.9,7.35,-7.5
20/12/2019,5.15,4.9,7.35,-7.5
19/12/2019,5.15,4.9,7.35,-7.5
18/12/2019,5.15,4.9,7.35,-7.5
17/12/2019,5.15,4.9,7.35,-7.5
16/12/2019,5.15,4.9,7.35,-7.5
13/12/2019,5.15,4.9,7.35,-7.5
12/12/2019,5.15,4.9,7.35,-7.5
11/12/2019,5.15,4.9,7.35,-7.5
10/12/2019,5.15,4.9,7.35,-7.5
9/12/2019,5.15,4.9,7.35,-7.5
6/12/2019,5.15,4.9,7.35,-7.5
5/12/2019,5.15,4.9,7.35,-7.5
4/12/2019,5.15,4.9,7.35,-7.5
3/12/2019,5.15,4.9,7.35,-7.5
2/12/2019,5.15,4.9,7.35,-7.5
29/11/2019,5.15,4.9,5.54,-23.9
28/11/2019,5.15,4.9,5.54,-23.9
27/11/2019,5.15,4.9,5.54,-23.9
26/11/2019,5.15,4.9,5.54,-23.9
25/11/2019,5.15,4.9,5.54,-23.9
22/11/2019,5.15,4.9,5.54,-23.9
21/11/2019,5.15,4.9,5.54,-23.9
20/11/2019,5.15,4.9,5.54,-23.9
19/11/2019,5.15,4.9,5.54,-23.9
18/11/2019,5.15,4.9,5.54,-23.9
15/11/2019,5.15,4.9,5.54,-23.9
14/11/2019,5.15,4.9,5.54,-23.9
13/11/2019,5.15,4.9,5.54,-23.9
11/11/2019,5.15,4.9,5.54,-23.9
8/11/2019,5.15,4.9,5.54,-23.9
7/11/2019,5.15,4.9,5.54,-23.9
6/11/2019,5.15,4.9,5.54,-23.9
5/11/2019,5.15,4.9,5.54,-23.9
4/11/2019,5.15,4.9,5.54,-23.9
1/11/2019,5.15,4.9,5.54,-23.9
31/10/2019,5.15,4.9,4.62,-23.9
30/10/2019,5.15,4.9,4.62,-23.9
29/10/2019,5.15,4.9,4.62,-23.9
25/10/2019,5.15,4.9,4.62,-23.9
24/10/2019,5.15,4.9,4.62,-23.9
23/10/2019,5.15,4.9,4.62,-23.9
22/10/2019,5.15,4.9,4.62,-23.9
18/10/2019,5.15,4.9,4.62,-23.9
17/10/2019,5.15,4.9,4.62,-23.9
16/10/2019,5.15,4.9,4.62,-23.9
15/10/2019,5.15,4.9,4.62,-23.9
14/10/2019,5.15,4.9,4.62,-23.9
11/10/2019,5.15,4.9,4.62,-23.9
10/10/2019,5.15,4.9,4.62,-23.9
9/10/2019,5.15,4.9,4.62,-23.9
7/10/2019,5.15,4.9,4.62,-23.9
4/10/2019,5.15,4.9,4.62,-23.9
3/10/2019,5.15,4.9,4.62,-23.9
1/10/2019,5.15,4.9,4.62,-23.9
30/09/2019,5.4,5.15,3.99,-23.9
27/09/2019,5.4,5.15,3.99,-23.9
26/09/2019,5.4,5.15,3.99,-23.9
25/09/2019,5.4,5.15,3.99,-23.9
24/09/2019,5.4,5.15,3.99,-23.9
23/09/2019,5.4,5.15,3.99,-23.9
20/09/2019,5.4,5.15,3.99,-23.9
19/09/2019,5.4,5.15,3.99,-23.9
18/09/2019,5.4,5.15,3.99,-23.9
17/09/2019,5.4,5.15,3.99,-23.9
16/09/2019,5.4,5.15,3.99,-23.9
13/09/2019,5.4,5.15,3.99,-23.9
12/09/2019,5.4,5.15,3.99,-23.9
11/09/2019,5.4,5.15,3.99,-23.9
9/09/2019,5.4,5.15,3.99,-23.9
6/09/2019,5.4,5.15,3.99,-23.9
5/09/2019,5.4,5.15,3.99,-23.9
4/09/2019,5.4,5.15,3.99,-23.9
3/09/2019,5.4,5.15,3.99,-23.9
30/08/2019,5.4,5.15,3.28,3.1
29/08/2019,5.4,5.15,3.28,3.1
28/08/2019,5.4,5.15,3.28,3.1
27/08/2019,5.4,5.15,3.28,3.1
26/08/2019,5.4,5.15,3.28,3.1
23/08/2019,5.4,5.15,3.28,3.1
22/08/2019,5.4,5.15,3.28,3.1
21/08/2019,5.4,5.15,3.28,3.1
20/08/2019,5.4,5.15,3.28,3.1
19/08/2019,5.4,5.15,3.28,3.1
16/08/2019,5.4,5.15,3.28,3.1
14/08/2019,5.4,5.15,3.28,3.1
13/08/2019,5.4,5.15,3.28,3.1
9/08/2019,5.4,5.15,3.28,3.1
8/08/2019,5.4,5.15,3.28,3.1
7/08/2019,5.4,5.15,3.28,3.1
6/08/2019,5.4,5.15,3.28,3.1
5/08/2019,5.4,5.15,3.28,3.1
2/08/2019,5.4,5.15,3.28,3.1
1/08/2019,5.4,5.15,3.28,3.1
31/07/2019,5.75,5.5,3.1,3.1
30/07/2019,5.75,5.5,3.1,3.1
29/07/2019,5.75,5.5,3.1,3.1
26/07/2019,5.75,5.5,3.1,3.1
25/07/2019,5.75,5.5,3.1,3.1
24/07/2019,5.75,5.5,3.1,3.1
23/07/2019,5.75,5.5,3.1,3.1
22/07/2019,5.75,5.5,3.1,3.1
19/07/2019,5.75,5.5,3.1,3.1
18/07/2019,5.75,5.5,3.1,3.1
17/07/2019,5.75,5.5,3.1,3.1
16/07/2019,5.75,5.5,3.1,3.1
15/07/2019,5.75,5.5,3.1,3.1
12/07/2019,5.75,5.5,3.1,3.1
11/07/2019,5.75,5.5,3.1,3.1
10/07/2019,5.75,5.5,3.1,3.1
9/07/2019,5.75,5.5,3.1,3.1
8/07/2019,5.75,5.5,3.1,3.1
5/07/2019,5.75,5.5,3.1,3.1
4/07/2019,5.75,5.5,3.1,3.1
3/07/2019,5.75,5.5,3.1,3.1
2/07/2019,5.75,5.5,3.1,3.1
1/07/2019,5.75,5.5,3.1,3.1
28/06/2019,5.75,5.5,3.18,3.1
27/06/2019,5.75,5.5,3.18,3.1
26/06/2019,5.75,5.5,3.18,3.1
25/06/2019,5.75,5.5,3.18,3.1
24/06/2019,5.75,5.5,3.18,3.1
21/06/2019,5.75,5.5,3.18,3.1
20/06/2019,5.75,5.5,3.18,3.1
19/06/2019,5.75,5.5,3.18,3.1
18/06/2019,5.75,5.5,3.18,3.1
17/06/2019,5.75,5.5,3.18,3.1
14/06/2019,5.75,5.5,3.18,3.1
13/06/2019,5.75,5.5,3.18,3.1
12/06/2019,5.75,5.5,3.18,3.1
11/06/2019,5.75,5.5,3.18,3.1
10/06/2019,5.75,5.5,3.18,3.1
7/06/2019,5.75,5.5,3.18,3.1
6/06/2019,5.75,5.5,3.18,3.1
4/06/2019,5.75,5.5,3.18,3.1
3/06/2019,5.75,5.5,3.18,3.1
31/05/2019,6,5.75,3,4.7
30/05/2019,6,5.75,3,4.7
29/05/2019,6,5.75,3,4.7
28/05/2019,6,5.75,3,4.7
27/05/2019,6,5.75,3,4.7
24/05/2019,6,5.75,3,4.7
23/05/2019,6,5.75,3,4.7
22/05/2019,6,5.75,3,4.7
21/05/2019,6,5.75,3,4.7
20/05/2019,6,5.75,3,4.7
17/05/2019,6,5.75,3,4.7
16/05/2019,6,5.75,3,4.7
15/05/2019,6,5.75,3,4.7
14/05/2019,6,5.75,3,4.7
13/05/2019,6,5.75,3,4.7
10/05/2019,6,5.75,3,4.7
9/05/2019,6,5.75,3,4.7
8/05/2019,6,5.75,3,4.7
7/05/2019,6,5.75,3,4.7
6/05/2019,6,5.75,3,4.7
3/05/2019,6,5.75,3,4.7
2/05/2019,6,5.75,3,4.7
30/04/2019,6,5.75,2.99,4.7
26/04/2019,6,5.75,2.99,4.7
25/04/2019,6,5.75,2.99,4.7
24/04/2019,6,5.75,2.99,4.7
23/04/2019,6,5.75,2.99,4.7
22/04/2019,6,5.75,2.99,4.7
18/04/2019,6,5.75,2.99,4.7
16/04/2019,6,5.75,2.99,4.7
15/04/2019,6,5.75,2.99,4.7
12/04/2019,6,5.75,2.99,4.7
11/04/2019,6,5.75,2.99,4.7
10/04/2019,6,5.75,2.99,4.7
9/04/2019,6,5.75,2.99,4.7
8/04/2019,6,5.75,2.99,4.7
5/04/2019,6,5.75,2.99,4.7
4/04/2019,6,5.75,2.99,4.7
3/04/2019,6,5.75,2.99,4.7
2/04/2019,6,5.75,2.99,4.7
1/04/2019,6,5.75,2.99,4.7
29/03/2019,6.25,6,2.86,4.7
28/03/2019,6.25,6,2.86,4.7
27/03/2019,6.25,6,2.86,4.7
26/03/2019,6.25,6,2.86,4.7
25/03/2019,6.25,6,2.86,4.7
22/03/2019,6.25,6,2.86,4.7
20/03/2019,6.25,6,2.86,4.7
19/03/2019,6.25,6,2.86,4.7
18/03/2019,6.25,6,2.86,4.7
15/03/2019,6.25,6,2.86,4.7
14/03/2019,6.25,6,2.86,4.7
13/03/2019,6.25,6,2.86,4.7
12/03/2019,6.25,6,2.86,4.7
11/03/2019,6.25,6,2.86,4.7
8/03/2019,6.25,6,2.86,4.7
7/03/2019,6.25,6,2.86,4.7
6/03/2019,6.25,6,2.86,4.7
5/03/2019,6.25,6,2.86,4.7
1/03/2019,6.25,6,2.86,4.7
28/02/2019,6.25,6,2.57,4.5
27/02/2019,6.25,6,2.57,4.5
26/02/2019,6.25,6,2.57,4.5
25/02/2019,6.25,6,2.57,4.5
22/02/2019,6.25,6,2.57,4.5
21/02/2019,6.25,6,2.57,4.5
20/02/2019,6.25,6,2.57,4.5
19/02/2019,6.25,6,2.57,4.5
18/02/2019,6.25,6,2.57,4.5
15/02/2019,6.25,6,2.57,4.5
14/02/2019,6.25,6,2.57,4.5
13/02/2019,6.25,6,2.57,4.5
12/02/2019,6.25,6,2.57,4.5
11/02/2019,6.25,6,2.57,4.5
8/02/2019,6.25,6,2.57,4.5
7/02/2019,6.25,6,2.57,4.5
6/02/2019,6.25,6,2.57,4.5
5/02/2019,6.25,6,2.57,4.5
4/02/2019,6.25,6,2.57,4.5
1/02/2019,6.25,6,2.57,4.5
31/01/2019,6.5,6.25,1.97,4.5
30/01/2019,6.5,6.25,1.97,4.5
29/01/2019,6.5,6.25,1.97,4.5
28/01/2019,6.5,6.25,1.97,4.5
25/01/2019,6.5,6.25,1.97,4.5
24/01/2019,6.5,6.25,1.97,4.5
23/01/2019,6.5,6.25,1.97,4.5
22/01/2019,6.5,6.25,1.97,4.5
21/01/2019,6.5,6.25,1.97,4.5
18/01/2019,6.5,6.25,1.97,4.5
17/01/2019,6.5,6.25,1.97,4.5
16/01/2019,6.5,6.25,1.97,4.5
15/01/2019,6.5,6.25,1.97,4.5
14/01/2019,6.5,6.25,1.97,4.5
11/01/2019,6.5,6.25,1.97,4.5
10/01/2019,6.5,6.25,1.97,4.5
9/01/2019,6.5,6.25,1.97,4.5
8/01/2019,6.5,6.25,1.97,4.5
7/01/2019,6.5,6.25,1.97,4.5
4/01/2019,6.5,6.25,1.97,4.5
3/01/2019,6.5,6.25,1.97,4.5
2/01/2019,6.5,6.25,1.97,4.5
1/01/2019,6.5,6.25,1.97,4.5
31/12/2018,6.5,6.25,2.11,4.5
28/12/2018,6.5,6.25,2.11,4.5
27/12/2018,6.5,6.25,2.11,4.5
26/12/2018,6.5,6.25,2.11,4.5
24/12/2018,6.5,6.25,2.11,4.5
21/12/2018,6.5,6.25,2.11,4.5
20/12/2018,6.5,6.25,2.11,4.5
19/12/2018,6.5,6.25,2.11,4.5
18/12/2018,6.5,6.25,2.11,4.5
17/12/2018,6.5,6.25,2.11,4.5
14/12/2018,6.5,6.25,2.11,4.5
13/12/2018,6.5,6.25,2.11,4.5
12/12/2018,6.5,6.25,2.11,4.5
11/12/2018,6.5,6.25,2.11,4.5
10/12/2018,6.5,6.25,2.11,4.5
7/12/2018,6.5,6.25,2.11,4.5
6/12/2018,6.5,6.25,2.11,4.5
5/12/2018,6.5,6.25,2.11,4.5
4/12/2018,6.5,6.25,2.11,4.5
3/12/2018,6.5,6.25,2.11,4.5
30/11/2018,6.5,6.25,2.33,5
29/11/2018,6.5,6.25,2.33,5
28/11/2018,6.5,6.25,2.33,5
27/11/2018,6.5,6.25,2.33,5
26/11/2018,6.5,6.25,2.33,5
22/11/2018,6.5,6.25,2.33,5
21/11/2018,6.5,6.25,2.33,5
20/11/2018,6.5,6.25,2.33,5
19/11/2018,6.5,6.25,2.33,5
16/11/2018,6.5,6.25,2.33,5
15/11/2018,6.5,6.25,2.33,5
14/11/2018,6.5,6.25,2.33,5
13/11/2018,6.5,6.25,2.33,5
12/11/2018,6.5,6.25,2.33,5
9/11/2018,6.5,6.25,2.33,5
7/11/2018,6.5,6.25,2.33,5
6/11/2018,6.5,6.25,2.33,5
5/11/2018,6.5,6.25,2.33,5
2/11/2018,6.5,6.25,2.33,5
1/11/2018,6.5,6.25,2.33,5
31/10/2018,6.5,6.25,3.38,5
30/10/2018,6.5,6.25,3.38,5
29/10/2018,6.5,6.25,3.38,5
26/10/2018,6.5,6.25,3.38,5
25/10/2018,6.5,6.25,3.38,5
24/10/2018,6.5,6.25,3.38,5
23/10/2018,6.5,6.25,3.38,5
22/10/2018,6.5,6.25,3.38,5
19/10/2018,6.5,6.25,3.38,5
17/10/2018,6.5,6.25,3.38,5
16/10/2018,6.5,6.25,3.38,5
15/10/2018,6.5,6.25,3.38,5
12/10/2018,6.5,6.25,3.38,5
11/10/2018,6.5,6.25,3.38,5
10/10/2018,6.5,6.25,3.38,5
9/10/2018,6.5,6.25,3.38,5
8/10/2018,6.5,6.25,3.38,5
5/10/2018,6.5,6.25,3.38,5
4/10/2018,6.5,6.25,3.38,5
3/10/2018,6.5,6.25,3.38,5
1/10/2018,6.5,6.25,3.38,5
28/09/2018,6.5,6.25,3.7,5
27/09/2018,6.5,6.25,3.7,5
26/09/2018,6.5,6.25,3.7,5
25/09/2018,6.5,6.25,3.7,5
24/09/2018,6.5,6.25,3.7,5
21/09/2018,6.5,6.25,3.7,5
19/09/2018,6.5,6.25,3.7,5
18/09/2018,6.5,6.25,3.7,5
17/09/2018,6.5,6.25,3.7,5
14/09/2018,6.5,6.25,3.7,5
12/09/2018,6.5,6.25,3.7,5
11/09/2018,6.5,6.25,3.7,5
10/09/2018,6.5,6.25,3.7,5
7/09/2018,6.5,6.25,3.7,5
6/09/2018,6.5,6.25,3.7,5
5/09/2018,6.5,6.25,3.7,5
4/09/2018,6.5,6.25,3.7,5
3/09/2018,6.5,6.25,3.7,5
31/08/2018,6.5,6.25,3.69,5.8
30/08/2018,6.5,6.25,3.69,5.8
29/08/2018,6.5,6.25,3.69,5.8
28/08/2018,6.5,6.25,3.69,5.8
27/08/2018,6.5,6.25,3.69,5.8
24/08/2018,6.5,6.25,3.69,5.8
23/08/2018,6.5,6.25,3.69,5.8
21/08/2018,6.5,6.25,3.69,5.8
20/08/2018,6.5,6.25,3.69,5.8
17/08/2018,6.5,6.25,3.69,5.8
16/08/2018,6.5,6.25,3.69,5.8
14/08/2018,6.5,6.25,3.69,5.8
13/08/2018,6.5,6.25,3.69,5.8
10/08/2018,6.5,6.25,3.69,5.8
9/08/2018,6.5,6.25,3.69,5.8
8/08/2018,6.5,6.25,3.69,5.8
7/08/2018,6.5,6.25,3.69,5.8
6/08/2018,6.5,6.25,3.69,5.8
3/08/2018,6.5,6.25,3.69,5.8
2/08/2018,6.5,6.25,3.69,5.8
1/08/2018,6.5,6.25,3.69,5.8
31/07/2018,6.25,6,4.17,5.8
30/07/2018,6.25,6,4.17,5.8
27/07/2018,6.25,6,4.17,5.8
26/07/2018,6.25,6,4.17,5.8
25/07/2018,6.25,6,4.17,5.8
24/07/2018,6.25,6,4.17,5.8
23/07/2018,6.25,6,4.17,5.8
20/07/2018,6.25,6,4.17,5.8
19/07/2018,6.25,6,4.17,5.8
18/07/2018,6.25,6,4.17,5.8
17/07/2018,6.25,6,4.17,5.8
16/07/2018,6.25,6,4.17,5.8
13/07/2018,6.25,6,4.17,5.8
12/07/2018,6.25,6,4.17,5.8
11/07/2018,6.25,6,4.17,5.8
10/07/2018,6.25,6,4.17,5.8
9/07/2018,6.25,6,4.17,5.8
6/07/2018,6.25,6,4.17,5.8
5/07/2018,6.25,6,4.17,5.8
4/07/2018,6.25,6,4.17,5.8
3/07/2018,6.25,6,4.17,5.8
2/07/2018,6.25,6,4.17,5.8
29/06/2018,6.25,6,4.92,5.8
28/06/2018,6.25,6,4.92,5.8
27/06/2018,6.25,6,4.92,5.8
26/06/2018,6.25,6,4.92,5.8
25/06/2018,6.25,6,4.92,5.8
22/06/2018,6.25,6,4.92,5.8
21/06/2018,6.25,6,4.92,5.8
20/06/2018,6.25,6,4.92,5.8
19/06/2018,6.25,6,4.92,5.8
18/06/2018,6.25,6,4.92,5.8
15/06/2018,6.25,6,4.92,5.8
14/06/2018,6.25,6,4.92,5.8
13/06/2018,6.25,6,4.92,5.8
12/06/2018,6.25,6,4.92,5.8
11/06/2018,6.25,6,4.92,5.8
8/06/2018,6.25,6,4.92,5.8
7/06/2018,6.25,6,4.92,5.8
6/06/2018,6.25,6,4.92,5.8
5/06/2018,6.25,6,4.92,5.8
4/06/2018,6.25,6,4.92,5.8
1/06/2018,6.25,6,4.92,5.8
31/05/2018,6,5.75,4.87,6.6
30/05/2018,6,5.75,4.87,6.6
29/05/2018,6,5.75,4.87,6.6
28/05/2018,6,5.75,4.87,6.6
25/05/2018,6,5.75,4.87,6.6
24/05/2018,6,5.75,4.87,6.6
23/05/2018,6,5.75,4.87,6.6
22/05/2018,6,5.75,4.87,6.6
21/05/2018,6,5.75,4.87,6.6
18/05/2018,6,5.75,4.87,6.6
17/05/2018,6,5.75,4.87,6.6
16/05/2018,6,5.75,4.87,6.6
15/05/2018,6,5.75,4.87,6.6
14/05/2018,6,5.75,4.87,6.6
11/05/2018,6,5.75,4.87,6.6
10/05/2018,6,5.75,4.87,6.6
9/05/2018,6,5.75,4.87,6.6
8/05/2018,6,5.75,4.87,6.6
7/05/2018,6,5.75,4.87,6.6
4/05/2018,6,5.75,4.87,6.6
3/05/2018,6,5.75,4.87,6.6
2/05/2018,6,5.75,4.87,6.6
30/04/2018,6,5.75,4.58,6.6
27/04/2018,6,5.75,4.58,6.6
26/04/2018,6,5.75,4.58,6.6
25/04/2018,6,5.75,4.58,6.6
24/04/2018,6,5.75,4.58,6.6
23/04/2018,6,5.75,4.58,6.6
20/04/2018,6,5.75,4.58,6.6
19/04/2018,6,5.75,4.58,6.6
18/04/2018,6,5.75,4.58,6.6
17/04/2018,6,5.75,4.58,6.6
16/04/2018,6,5.75,4.58,6.6
13/04/2018,6,5.75,4.58,6.6
12/04/2018,6,5.75,4.58,6.6
11/04/2018,6,5.75,4.58,6.6
10/04/2018,6,5.75,4.58,6.6
9/04/2018,6,5.75,4.58,6.6
6/04/2018,6,5.75,4.58,6.6
5/04/2018,6,5.75,4.58,6.6
4/04/2018,6,5.75,4.58,6.6
3/04/2018,6,5.75,4.58,6.6
2/04/2018,6,5.75,4.58,6.6
28/03/2018,6,5.75,4.28,6.6
27/03/2018,6,5.75,4.28,6.6
26/03/2018,6,5.75,4.28,6.6
23/03/2018,6,5.75,4.28,6.6
22/03/2018,6,5.75,4.28,6.6
21/03/2018,6,5.75,4.28,6.6
20/03/2018,6,5.75,4.28,6.6
19/03/2018,6,5.75,4.28,6.6
16/03/2018,6,5.75,4.28,6.6
15/03/2018,6,5.75,4.28,6.6
14/03/2018,6,5.75,4.28,6.6
13/03/2018,6,5.75,4.28,6.6
12/03/2018,6,5.75,4.28,6.6
9/03/2018,6,5.75,4.28,6.6
8/03/2018,6,5.75,4.28,6.6
7/03/2018,6,5.75,4.28,6.6
6/03/2018,6,5.75,4.28,6.6
5/03/2018,6,5.75,4.28,6.6
1/03/2018,6,5.75,4.28,6.6
28/02/2018,6,5.75,4.44,7.1
27/02/2018,6,5.75,4.44,7.1
26/02/2018,6,5.75,4.44,7.1
23/02/2018,6,5.75,4.44,7.1
22/02/2018,6,5.75,4.44,7.1
21/02/2018,6,5.75,4.44,7.1
20/02/2018,6,5.75,4.44,7.1
19/02/2018,6,5.75,4.44,7.1
16/02/2018,6,5.75,4.44,7.1
15/02/2018,6,5.75,4.44,7.1
14/02/2018,6,5.75,4.44,7.1
12/02/2018,6,5.75,4.44,7.1
9/02/2018,6,5.75,4.44,7.1
8/02/2018,6,5.75,4.44,7.1
7/02/2018,6,5.75,4.44,7.1
6/02/2018,6,5.75,4.44,7.1
5/02/2018,6,5.75,4.44,7.1
2/02/2018,6,5.75,4.44,7.1
1/02/2018,6,5.75,4.44,7.1
31/01/2018,6,5.75,5.07,7.1
30/01/2018,6,5.75,5.07,7.1
29/01/2018,6,5.75,5.07,7.1
25/01/2018,6,5.75,5.07,7.1
24/01/2018,6,5.75,5.07,7.1
23/01/2018,6,5.75,5.07,7.1
22/01/2018,6,5.75,5.07,7.1
19/01/2018,6,5.75,5.07,7.1
18/01/2018,6,5.75,5.07,7.1
17/01/2018,6,5.75,5.07,7.1
16/01/2018,6,5.75,5.07,7.1
15/01/2018,6,5.75,5.07,7.1
12/01/2018,6,5.75,5.07,7.1
11/01/2018,6,5.75,5.07,7.1
10/01/2018,6,5.75,5.07,7.1
9/01/2018,6,5.75,5.07,7.1
8/01/2018,6,5.75,5.07,7.1
5/01/2018,6,5.75,5.07,7.1
4/01/2018,6,5.75,5.07,7.1
3/01/2018,6,5.75,5.07,7.1
2/01/2018,6,5.75,5.07,7.1
1/01/2018,6,5.75,5.07,7.1
29/12/2017,6,5.75,5.21,7.1
28/12/2017,6,5.75,5.21,7.1
27/12/2017,6,5.75,5.21,7.1
26/12/2017,6,5.75,5.21,7.1
22/12/2017,6,5.75,5.21,7.1
21/12/2017,6,5.75,5.21,7.1
20/12/2017,6,5.75,5.21,7.1
19/12/2017,6,5.75,5.21,7.1
18/12/2017,6,5.75,5.21,7.1
15/12/2017,6,5.75,5.21,7.1
14/12/2017,6,5.75,5.21,7.1
13/12/2017,6,5.75,5.21,7.1
12/12/2017,6,5.75,5.21,7.1
11/12/2017,6,5.75,5.21,7.1
8/12/2017,6,5.75,5.21,7.1
7/12/2017,6,5.75,5.21,7.1
6/12/2017,6,5.75,5.21,7.1
5/12/2017,6,5.75,5.21,7.1
4/12/2017,6,5.75,5.21,7.1
1/12/2017,6,5.75,5.21,7.1
30/11/2017,6,5.75,4.88,8.2
29/11/2017,6,5.75,4.88,8.2
28/11/2017,6,5.75,4.88,8.2
27/11/2017,6,5.75,4.88,8.2
24/11/2017,6,5.75,4.88,8.2
23/11/2017,6,5.75,4.88,8.2
22/11/2017,6,5.75,4.88,8.2
21/11/2017,6,5.75,4.88,8.2
20/11/2017,6,5.75,4.88,8.2
17/11/2017,6,5.75,4.88,8.2
16/11/2017,6,5.75,4.88,8.2
15/11/2017,6,5.75,4.88,8.2
14/11/2017,6,5.75,4.88,8.2
13/11/2017,6,5.75,4.88,8.2
10/11/2017,6,5.75,4.88,8.2
9/11/2017,6,5.75,4.88,8.2
8/11/2017,6,5.75,4.88,8.2
7/11/2017,6,5.75,4.88,8.2
6/11/2017,6,5.75,4.88,8.2
3/11/2017,6,5.75,4.88,8.2
2/11/2017,6,5.75,4.88,8.2
1/11/2017,6,5.75,4.88,8.2
31/10/2017,6,5.75,3.58,8.2
30/10/2017,6,5.75,3.58,8.2
27/10/2017,6,5.75,3.58,8.2
26/10/2017,6,5.75,3.58,8.2
25/10/2017,6,5.75,3.58,8.2
24/10/2017,6,5.75,3.58,8.2
23/10/2017,6,5.75,3.58,8.2
19/10/2017,6,5.75,3.58,8.2
18/10/2017,6,5.75,3.58,8.2
17/10/2017,6,5.75,3.58,8.2
16/10/2017,6,5.75,3.58,8.2
13/10/2017,6,5.75,3.58,8.2
12/10/2017,6,5.75,3.58,8.2
11/10/2017,6,5.75,3.58,8.2
10/10/2017,6,5.75,3.58,8.2
9/10/2017,6,5.75,3.58,8.2
6/10/2017,6,5.75,3.58,8.2
5/10/2017,6,5.75,3.58,8.2
4/10/2017,6,5.75,3.58,8.2
3/10/2017,6,5.75,3.58,8.2
29/09/2017,6,5.75,3.28,8.2
28/09/2017,6,5.75,3.28,8.2
27/09/2017,6,5.75,3.28,8.2
26/09/2017,6,5.75,3.28,8.2
25/09/2017,6,5.75,3.28,8.2
22/09/2017,6,5.75,3.28,8.2
21/09/2017,6,5.75,3.28,8.2
20/09/2017,6,5.75,3.28,8.2
19/09/2017,6,5.75,3.28,8.2
18/09/2017,6,5.75,3.28,8.2
15/09/2017,6,5.75,3.28,8.2
14/09/2017,6,5.75,3.28,8.2
13/09/2017,6,5.75,3.28,8.2
12/09/2017,6,5.75,3.28,8.2
11/09/2017,6,5.75,3.28,8.2
8/09/2017,6,5.75,3.28,8.2
7/09/2017,6,5.75,3.28,8.2
6/09/2017,6,5.75,3.28,8.2
5/09/2017,6,5.75,3.28,8.2
4/09/2017,6,5.75,3.28,8.2
1/09/2017,6,5.75,3.28,8.2
31/08/2017,6,5.75,3.28,7.7
30/08/2017,6,5.75,3.28,7.7
29/08/2017,6,5.75,3.28,7.7
28/08/2017,6,5.75,3.28,7.7
24/08/2017,6,5.75,3.28,7.7
23/08/2017,6,5.75,3.28,7.7
22/08/2017,6,5.75,3.28,7.7
21/08/2017,6,5.75,3.28,7.7
18/08/2017,6,5.75,3.28,7.7
17/08/2017,6,5.75,3.28,7.7
16/08/2017,6,5.75,3.28,7.7
14/08/2017,6,5.75,3.28,7.7
11/08/2017,6,5.75,3.28,7.7
10/08/2017,6,5.75,3.28,7.7
9/08/2017,6,5.75,3.28,7.7
8/08/2017,6,5.75,3.28,7.7
7/08/2017,6,5.75,3.28,7.7
4/08/2017,6,5.75,3.28,7.7
3/08/2017,6,5.75,3.28,7.7
2/08/2017,6,5.75,3.28,7.7
1/08/2017,6,5.75,3.28,7.7
31/07/2017,6.25,6,2.36,7.7
28/07/2017,6.25,6,2.36,7.7
27/07/2017,6.25,6,2.36,7.7
26/07/2017,6.25,6,2.36,7.7
25/07/2017,6.25,6,2.36,7.7
24/07/2017,6.25,6,2.36,7.7
21/07/2017,6.25,6,2.36,7.7
20/07/2017,6.25,6,2.36,7.7
19/07/2017,6.25,6,2.36,7.7
18/07/2017,6.25,6,2.36,7.7
17/07/2017,6.25,6,2.36,7.7
14/07/2017,6.25,6,2.36,7.7
13/07/2017,6.25,6,2.36,7.7
12/07/2017,6.25,6,2.36,7.7
11/07/2017,6.25,6,2.36,7.7
10/07/2017,6.25,6,2.36,7.7
7/07/2017,6.25,6,2.36,7.7
6/07/2017,6.25,6,2.36,7.7
5/07/2017,6.25,6,2.36,7.7
4/07/2017,6.25,6,2.36,7.7
3/07/2017,6.25,6,2.36,7.7
30/06/2017,6.25,6,1.46,7.7
29/06/2017,6.25,6,1.46,7.7
28/06/2017,6.25,6,1.46,7.7
27/06/2017,6.25,6,1.46,7.7
23/06/2017,6.25,6,1.46,7.7
22/06/2017,6.25,6,1.46,7.7
21/06/2017,6.25,6,1.46,7.7
20/06/2017,6.25,6,1.46,7.7
19/06/2017,6.25,6,1.46,7.7
16/06/2017,6.25,6,1.46,7.7
15/06/2017,6.25,6,1.46,7.7
14/06/2017,6.25,6,1.46,7.7
13/06/2017,6.25,6,1.46,7.7
12/06/2017,6.25,6,1.46,7.7
9/06/2017,6.25,6,1.46,7.7
8/06/2017,6.25,6,1.46,7.7
7/06/2017,6.25,6,1.46,7.7
6/06/2017,6.25,6,1.46,7.7
5/06/2017,6.25,6,1.46,7.7
2/06/2017,6.25,6,1.46,7.7
1/06/2017,6.25,6,1.46,7.7
31/05/2017,6.25,6,2.18,7.2
30/05/2017,6.25,6,2.18,7.2
29/05/2017,6.25,6,2.18,7.2
26/05/2017,6.25,6,2.18,7.2
25/05/2017,6.25,6,2.18,7.2
24/05/2017,6.25,6,2.18,7.2
23/05/2017,6.25,6,2.18,7.2
22/05/2017,6.25,6,2.18,7.2
19/05/2017,6.25,6,2.18,7.2
18/05/2017,6.25,6,2.18,7.2
17/05/2017,6.25,6,2.18,7.2
16/05/2017,6.25,6,2.18,7.2
15/05/2017,6.25,6,2.18,7.2
12/05/2017,6.25,6,2.18,7.2
11/05/2017,6.25,6,2.18,7.2
10/05/2017,6.25,6,2.18,7.2
9/05/2017,6.25,6,2.18,7.2
8/05/2017,6.25,6,2.18,7.2
5/05/2017,6.25,6,2.18,7.2
4/05/2017,6.25,6,2.18,7.2
3/05/2017,6.25,6,2.18,7.2
2/05/2017,6.25,6,2.18,7.2
28/04/2017,6.25,6,2.99,7.2
27/04/2017,6.25,6,2.99,7.2
26/04/2017,6.25,6,2.99,7.2
25/04/2017,6.25,6,2.99,7.2
24/04/2017,6.25,6,2.99,7.2
21/04/2017,6.25,6,2.99,7.2
20/04/2017,6.25,6,2.99,7.2
19/04/2017,6.25,6,2.99,7.2
18/04/2017,6.25,6,2.99,7.2
17/04/2017,6.25,6,2.99,7.2
13/04/2017,6.25,6,2.99,7.2
12/04/2017,6.25,6,2.99,7.2
11/04/2017,6.25,6,2.99,7.2
10/04/2017,6.25,6,2.99,7.2
7/04/2017,6.25,6,2.99,7.2
6/04/2017,6.25,6,2.99,7.2
5/04/2017,6.25,6,2.99,7.2
3/04/2017,6.25,6,2.99,7.2
31/03/2017,6.25,5.75,3.89,7.2
30/03/2017,6.25,5.75,3.89,7.2
29/03/2017,6.25,5.75,3.89,7.2
28/03/2017,6.25,5.75,3.89,7.2
27/03/2017,6.25,5.75,3.89,7.2
24/03/2017,6.25,5.75,3.89,7.2
23/03/2017,6.25,5.75,3.89,7.2
22/03/2017,6.25,5.75,3.89,7.2
21/03/2017,6.25,5.75,3.89,7.2
20/03/2017,6.25,5.75,3.89,7.2
17/03/2017,6.25,5.75,3.89,7.2
16/03/2017,6.25,5.75,3.89,7.2
15/03/2017,6.25,5.75,3.89,7.2
14/03/2017,6.25,5.75,3.89,7.2
10/03/2017,6.25,5.75,3.89,7.2
9/03/2017,6.25,5.75,3.89,7.2
8/03/2017,6.25,5.75,3.89,7.2
7/03/2017,6.25,5.75,3.89,7.2
6/03/2017,6.25,5.75,3.89,7.2
3/03/2017,6.25,5.75,3.89,7.2
2/03/2017,6.25,5.75,3.89,7.2
1/03/2017,6.25,5.75,3.89,7.2
28/02/2017,6.25,5.75,3.65,6.3
27/02/2017,6.25,5.75,3.65,6.3
23/02/2017,6.25,5.75,3.65,6.3
22/02/2017,6.25,5.75,3.65,6.3
21/02/2017,6.25,5.75,3.65,6.3
20/02/2017,6.25,5.75,3.65,6.3
17/02/2017,6.25,5.75,3.65,6.3
16/02/2017,6.25,5.75,3.65,6.3
15/02/2017,6.25,5.75,3.65,6.3
14/02/2017,6.25,5.75,3.65,6.3
13/02/2017,6.25,5.75,3.65,6.3
10/02/2017,6.25,5.75,3.65,6.3
9/02/2017,6.25,5.75,3.65,6.3
8/02/2017,6.25,5.75,3.65,6.3
7/02/2017,6.25,5.75,3.65,6.3
6/02/2017,6.25,5.75,3.65,6.3
3/02/2017,6.25,5.75,3.65,6.3
2/02/2017,6.25,5.75,3.65,6.3
1/02/2017,6.25,5.75,3.65,6.3
31/01/2017,6.25,5.75,3.17,6.3
30/01/2017,6.25,5.75,3.17,6.3
27/01/2017,6.25,5.75,3.17,6.3
25/01/2017,6.25,5.75,3.17,6.3
24/01/2017,6.25,5.75,3.17,6.3
23/01/2017,6.25,5.75,3.17,6.3
20/01/2017,6.25,5.75,3.17,6.3
19/01/2017,6.25,5.75,3.17,6.3
18/01/2017,6.25,5.75,3.17,6.3
17/01/2017,6.25,5.75,3.17,6.3
16/01/2017,6.25,5.75,3.17,6.3
13/01/2017,6.25,5.75,3.17,6.3
12/01/2017,6.25,5.75,3.17,6.3
11/01/2017,6.25,5.75,3.17,6.3
10/01/2017,6.25,5.75,3.17,6.3
9/01/2017,6.25,5.75,3.17,6.3
6/01/2017,6.25,5.75,3.17,6.3
5/01/2017,6.25,5.75,3.17,6.3
4/01/2017,6.25,5.75,3.17,6.3
3/01/2017,6.25,5.75,3.17,6.3
2/01/2017,6.25,5.75,3.17,6.3
30/12/2016,6.25,5.75,3.41,6.3
29/12/2016,6.25,5.75,3.41,6.3
28/12/2016,6.25,5.75,3.41,6.3
27/12/2016,6.25,5.75,3.41,6.3
26/12/2016,6.25,5.75,3.41,6.3
23/12/2016,6.25,5.75,3.41,6.3
22/12/2016,6.25,5.75,3.41,6.3
21/12/2016,6.25,5.75,3.41,6.3
20/12/2016,6.25,5.75,3.41,6.3
19/12/2016,6.25,5.75,3.41,6.3
16/12/2016,6.25,5.75,3.41,6.3
15/12/2016,6.25,5.75,3.41,6.3
14/12/2016,6.25,5.75,3.41,6.3
13/12/2016,6.25,5.75,3.41,6.3
12/12/2016,6.25,5.75,3.41,6.3
9/12/2016,6.25,5.75,3.41,6.3
8/12/2016,6.25,5.75,3.41,6.3
7/12/2016,6.25,5.75,3.41,6.3
6/12/2016,6.25,5.75,3.41,6.3
5/12/2016,6.25,5.75,3.41,6.3
2/12/2016,6.25,5.75,3.41,6.3
1/12/2016,6.25,5.75,3.41,6.3
30/11/2016,6.25,5.75,3.63,5.7
29/11/2016,6.25,5.75,3.63,5.7
28/11/2016,6.25,5.75,3.63,5.7
25/11/2016,6.25,5.75,3.63,5.7
24/11/2016,6.25,5.75,3.63,5.7
23/11/2016,6.25,5.75,3.63,5.7
22/11/2016,6.25,5.75,3.63,5.7
21/11/2016,6.25,5.75,3.63,5.7
18/11/2016,6.25,5.75,3.63,5.7
17/11/2016,6.25,5.75,3.63,5.7
16/11/2016,6.25,5.75,3.63,5.7
15/11/2016,6.25,5.75,3.63,5.7
11/11/2016,6.25,5.75,3.63,5.7
10/11/2016,6.25,5.75,3.63,5.7
9/11/2016,6.25,5.75,3.63,5.7
8/11/2016,6.25,5.75,3.63,5.7
7/11/2016,6.25,5.75,3.63,5.7
4/11/2016,6.25,5.75,3.63,5.7
3/11/2016,6.25,5.75,3.63,5.7
2/11/2016,6.25,5.75,3.63,5.7
1/11/2016,6.25,5.75,3.63,5.7
30/10/2016,6.25,5.75,4.2,5.7
28/10/2016,6.25,5.75,4.2,5.7
27/10/2016,6.25,5.75,4.2,5.7
26/10/2016,6.25,5.75,4.2,5.7
25/10/2016,6.25,5.75,4.2,5.7
24/10/2016,6.25,5.75,4.2,5.7
21/10/2016,6.25,5.75,4.2,5.7
20/10/2016,6.25,5.75,4.2,5.7
19/10/2016,6.25,5.75,4.2,5.7
18/10/2016,6.25,5.75,4.2,5.7
17/10/2016,6.25,5.75,4.2,5.7
14/10/2016,6.25,5.75,4.2,5.7
13/10/2016,6.25,5.75,4.2,5.7
10/10/2016,6.25,5.75,4.2,5.7
7/10/2016,6.25,5.75,4.2,5.7
6/10/2016,6.25,5.75,4.2,5.7
5/10/2016,6.25,5.75,4.2,5.7
4/10/2016,6.25,5.75,4.2,5.7
3/10/2016,6.25,5.75,4.2,5.7
30/09/2016,6.5,6,4.39,5.7
29/09/2016,6.5,6,4.39,5.7
28/09/2016,6.5,6,4.39,5.7
27/09/2016,6.5,6,4.39,5.7
26/09/2016,6.5,6,4.39,5.7
23/09/2016,6.5,6,4.39,5.7
22/09/2016,6.5,6,4.39,5.7
21/09/2016,6.5,6,4.39,5.7
20/09/2016,6.5,6,4.39,5.7
19/09/2016,6.5,6,4.39,5.7
16/09/2016,6.5,6,4.39,5.7
15/09/2016,6.5,6,4.39,5.7
14/09/2016,6.5,6,4.39,5.7
12/09/2016,6.5,6,4.39,5.7
9/09/2016,6.5,6,4.39,5.7
8/09/2016,6.5,6,4.39,5.7
7/09/2016,6.5,6,4.39,5.7
6/09/2016,6.5,6,4.39,5.7
2/09/2016,6.5,6,4.39,5.7
1/09/2016,6.5,6,4.39,5.7
31/08/2016,6.5,6,5.05,6.1
30/08/2016,6.5,6,5.05,6.1
29/08/2016,6.5,6,5.05,6.1
26/08/2016,6.5,6,5.05,6.1
25/08/2016,6.5,6,5.05,6.1
24/08/2016,6.5,6,5.05,6.1
23/08/2016,6.5,6,5.05,6.1
22/08/2016,6.5,6,5.05,6.1
19/08/2016,6.5,6,5.05,6.1
18/08/2016,6.5,6,5.05,6.1
17/08/2016,6.5,6,5.05,6.1
16/08/2016,6.5,6,5.05,6.1
12/08/2016,6.5,6,5.05,6.1
11/08/2016,6.5,6,5.05,6.1
10/08/2016,6.5,6,5.05,6.1
9/08/2016,6.5,6,5.05,6.1
8/08/2016,6.5,6,5.05,6.1
5/08/2016,6.5,6,5.05,6.1
4/08/2016,6.5,6,5.05,6.1
3/08/2016,6.5,6,5.05,6.1
2/08/2016,6.5,6,5.05,6.1
1/08/2016,6.5,6,5.05,6.1
29/07/2016,6.5,6,6.07,6.1
28/07/2016,6.5,6,6.07,6.1
27/07/2016,6.5,6,6.07,6.1
26/07/2016,6.5,6,6.07,6.1
25/07/2016,6.5,6,6.07,6.1
22/07/2016,6.5,6,6.07,6.1
21/07/2016,6.5,6,6.07,6.1
20/07/2016,6.5,6,6.07,6.1
19/07/2016,6.5,6,6.07,6.1
18/07/2016,6.5,6,6.07,6.1
15/07/2016,6.5,6,6.07,6.1
14/07/2016,6.5,6,6.07,6.1
13/07/2016,6.5,6,6.07,6.1
12/07/2016,6.5,6,6.07,6.1
11/07/2016,6.5,6,6.07,6.1
8/07/2016,6.5,6,6.07,6.1
7/07/2016,6.5,6,6.07,6.1
5/07/2016,6.5,6,6.07,6.1
4/07/2016,6.5,6,6.07,6.1
1/07/2016,6.5,6,6.07,6.1
30/06/2016,6.5,6,5.77,6.1
29/06/2016,6.5,6,5.77,6.1
28/06/2016,6.5,6,5.77,6.1
27/06/2016,6.5,6,5.77,6.1
24/06/2016,6.5,6,5.77,6.1
23/06/2016,6.5,6,5.77,6.1
22/06/2016,6.5,6,5.77,6.1
21/06/2016,6.5,6,5.77,6.1
20/06/2016,6.5,6,5.77,6.1
17/06/2016,6.5,6,5.77,6.1
16/06/2016,6.5,6,5.77,6.1
15/06/2016,6.5,6,5.77,6.1
14/06/2016,6.5,6,5.77,6.1
13/06/2016,6.5,6,5.77,6.1
10/06/2016,6.5,6,5.77,6.1
9/06/2016,6.5,6,5.77,6.1
8/06/2016,6.5,6,5.77,6.1
7/06/2016,6.5,6,5.77,6.1
6/06/2016,6.5,6,5.77,6.1
3/06/2016,6.5,6,5.77,6.1
2/06/2016,6.5,6,5.77,6.1
1/06/2016,6.5,6,5.77,6.1
31/05/2016,6.5,6,5.76,7
30/05/2016,6.5,6,5.76,7
27/05/2016,6.5,6,5.76,7
26/05/2016,6.5,6,5.76,7
25/05/2016,6.5,6,5.76,7
24/05/2016,6.5,6,5.76,7
23/05/2016,6.5,6,5.76,7
20/05/2016,6.5,6,5.76,7
19/05/2016,6.5,6,5.76,7
18/05/2016,6.5,6,5.76,7
17/05/2016,6.5,6,5.76,7
16/05/2016,6.5,6,5.76,7
13/05/2016,6.5,6,5.76,7
12/05/2016,6.5,6,5.76,7
11/05/2016,6.5,6,5.76,7
10/05/2016,6.5,6,5.76,7
9/05/2016,6.5,6,5.76,7
6/05/2016,6.5,6,5.76,7
5/05/2016,6.5,6,5.76,7
4/05/2016,6.5,6,5.76,7
3/05/2016,6.5,6,5.76,7
2/05/2016,6.5,6,5.76,7
29/04/2016,6.5,6,5.47,7
28/04/2016,6.5,6,5.47,7
27/04/2016,6.5,6,5.47,7
26/04/2016,6.5,6,5.47,7
25/04/2016,6.5,6,5.47,7
22/04/2016,6.5,6,5.47,7
21/04/2016,6.5,6,5.47,7
20/04/2016,6.5,6,5.47,7
18/04/2016,6.5,6,5.47,7
13/04/2016,6.5,6,5.47,7
12/04/2016,6.5,6,5.47,7
11/04/2016,6.5,6,5.47,7
8/04/2016,6.5,6,5.47,7
7/04/2016,6.5,6,5.47,7
6/04/2016,6.5,6,5.47,7
5/04/2016,6.5,6,5.47,7
4/04/2016,6.5,6,5.47,7
1/04/2016,6.5,6,5.47,7
31/03/2016,6.75,5.75,4.83,7
30/03/2016,6.75,5.75,4.83,7
29/03/2016,6.75,5.75,4.83,7
28/03/2016,6.75,5.75,4.83,7
23/03/2016,6.75,5.75,4.83,7
22/03/2016,6.75,5.75,4.83,7
21/03/2016,6.75,5.75,4.83,7
18/03/2016,6.75,5.75,4.83,7
17/03/2016,6.75,5.75,4.83,7
16/03/2016,6.75,5.75,4.83,7
15/03/2016,6.75,5.75,4.83,7
14/03/2016,6.75,5.75,4.83,7
11/03/2016,6.75,5.75,4.83,7
10/03/2016,6.75,5.75,4.83,7
9/03/2016,6.75,5.75,4.83,7
8/03/2016,6.75,5.75,4.83,7
4/03/2016,6.75,5.75,4.83,7
3/03/2016,6.75,5.75,4.83,7
2/03/2016,6.75,5.75,4.83,7
1/03/2016,6.75,5.75,4.83,7
29/02/2016,6.75,5.75,5.26,7.3
26/02/2016,6.75,5.75,5.26,7.3
25/02/2016,6.75,5.75,5.26,7.3
24/02/2016,6.75,5.75,5.26,7.3
23/02/2016,6.75,5.75,5.26,7.3
22/02/2016,6.75,5.75,5.26,7.3
19/02/2016,6.75,5.75,5.26,7.3
18/02/2016,6.75,5.75,5.26,7.3
17/02/2016,6.75,5.75,5.26,7.3
16/02/2016,6.75,5.75,5.26,7.3
15/02/2016,6.75,5.75,5.26,7.3
12/02/2016,6.75,5.75,5.26,7.3
11/02/2016,6.75,5.75,5.26,7.3
10/02/2016,6.75,5.75,5.26,7.3
9/02/2016,6.75,5.75,5.26,7.3
8/02/2016,6.75,5.75,5.26,7.3
5/02/2016,6.75,5.75,5.26,7.3
4/02/2016,6.75,5.75,5.26,7.3
3/02/2016,6.75,5.75,5.26,7.3
2/02/2016,6.75,5.75,5.26,7.3
1/02/2016,6.75,5.75,5.26,7.3
29/01/2016,6.75,5.75,5.69,7.3
28/01/2016,6.75,5.75,5.69,7.3
27/01/2016,6.75,5.75,5.69,7.3
25/01/2016,6.75,5.75,5.69,7.3
22/01/2016,6.75,5.75,5.69,7.3
21/01/2016,6.75,5.75,5.69,7.3
20/01/2016,6.75,5.75,5.69,7.3
19/01/2016,6.75,5.75,5.69,7.3
18/01/2016,6.75,5.75,5.69,7.3
15/01/2016,6.75,5.75,5.69,7.3
14/01/2016,6.75,5.75,5.69,7.3
13/01/2016,6.75,5.75,5.69,7.3
12/01/2016,6.75,5.75,5.69,7.3
11/01/2016,6.75,5.75,5.69,7.3
8/01/2016,6.75,5.75,5.69,7.3
7/01/2016,6.75,5.75,5.69,7.3
6/01/2016,6.75,5.75,5.69,7.3
5/01/2016,6.75,5.75,5.69,7.3
4/01/2016,6.75,5.75,5.69,7.3
1/01/2016,6.75,5.75,5.69,7.3
31/12/2015,6.75,5.75,5.61,7.3
30/12/2015,6.75,5.75,5.61,7.3
29/12/2015,6.75,5.75,5.61,7.3
28/12/2015,6.75,5.75,5.61,7.3
24/12/2015,6.75,5.75,5.61,7.3
23/12/2015,6.75,5.75,5.61,7.3
22/12/2015,6.75,5.75,5.61,7.3
21/12/2015,6.75,5.75,5.61,7.3
18/12/2015,6.75,5.75,5.61,7.3
17/12/2015,6.75,5.75,5.61,7.3
16/12/2015,6.75,5.75,5.61,7.3
15/12/2015,6.75,5.75,5.61,7.3
14/12/2015,6.75,5.75,5.61,7.3
11/12/2015,6.75,5.75,5.61,7.3
10/12/2015,6.75,5.75,5.61,7.3
9/12/2015,6.75,5.75,5.61,7.3
8/12/2015,6.75,5.75,5.61,7.3
7/12/2015,6.75,5.75,5.61,7.3
4/12/2015,6.75,5.75,5.61,7.3
3/12/2015,6.75,5.75,5.61,7.3
2/12/2015,6.75,5.75,5.61,7.3
1/12/2015,6.75,5.75,5.61,7.3
30/11/2015,6.75,5.75,5.41,7.1
27/11/2015,6.75,5.75,5.41,7.1
26/11/2015,6.75,5.75,5.41,7.1
24/11/2015,6.75,5.75,5.41,7.1
23/11/2015,6.75,5.75,5.41,7.1
20/11/2015,6.75,5.75,5.41,7.1
19/11/2015,6.75,5.75,5.41,7.1
18/11/2015,6.75,5.75,5.41,7.1
17/11/2015,6.75,5.75,5.41,7.1
16/11/2015,6.75,5.75,5.41,7.1
13/11/2015,6.75,5.75,5.41,7.1
11/11/2015,6.75,5.75,5.41,7.1
10/11/2015,6.75,5.75,5.41,7.1
9/11/2015,6.75,5.75,5.41,7.1
6/11/2015,6.75,5.75,5.41,7.1
5/11/2015,6.75,5.75,5.41,7.1
4/11/2015,6.75,5.75,5.41,7.1
3/11/2015,6.75,5.75,5.41,7.1
2/11/2015,6.75,5.75,5.41,7.1
30/10/2015,6.75,5.75,5,7.1
29/10/2015,6.75,5.75,5,7.1
28/10/2015,6.75,5.75,5,7.1
27/10/2015,6.75,5.75,5,7.1
26/10/2015,6.75,5.75,5,7.1
23/10/2015,6.75,5.75,5,7.1
21/10/2015,6.75,5.75,5,7.1
20/10/2015,6.75,5.75,5,7.1
19/10/2015,6.75,5.75,5,7.1
16/10/2015,6.75,5.75,5,7.1
15/10/2015,6.75,5.75,5,7.1
14/10/2015,6.75,5.75,5,7.1
13/10/2015,6.75,5.75,5,7.1
12/10/2015,6.75,5.75,5,7.1
9/10/2015,6.75,5.75,5,7.1
8/10/2015,6.75,5.75,5,7.1
7/10/2015,6.75,5.75,5,7.1
6/10/2015,6.75,5.75,5,7.1
5/10/2015,6.75,5.75,5,7.1
1/10/2015,6.75,5.75,5,7.1
30/09/2015,7.25,6.25,4.41,7.1
29/09/2015,7.25,6.25,4.41,7.1
28/09/2015,7.25,6.25,4.41,7.1
24/09/2015,7.25,6.25,4.41,7.1
23/09/2015,7.25,6.25,4.41,7.1
22/09/2015,7.25,6.25,4.41,7.1
21/09/2015,7.25,6.25,4.41,7.1
18/09/2015,7.25,6.25,4.41,7.1
16/09/2015,7.25,6.25,4.41,7.1
15/09/2015,7.25,6.25,4.41,7.1
14/09/2015,7.25,6.25,4.41,7.1
11/09/2015,7.25,6.25,4.41,7.1
10/09/2015,7.25,6.25,4.41,7.1
9/09/2015,7.25,6.25,4.41,7.1
8/09/2015,7.25,6.25,4.41,7.1
7/09/2015,7.25,6.25,4.41,7.1
4/09/2015,7.25,6.25,4.41,7.1
3/09/2015,7.25,6.25,4.41,7.1
2/09/2015,7.25,6.25,4.41,7.1
1/09/2015,7.25,6.25,4.41,7.1
31/08/2015,7.25,6.25,3.74,7.9
28/08/2015,7.25,6.25,3.74,7.9
27/08/2015,7.25,6.25,3.74,7.9
26/08/2015,7.25,6.25,3.74,7.9
25/08/2015,7.25,6.25,3.74,7.9
24/08/2015,7.25,6.25,3.74,7.9
21/08/2015,7.25,6.25,3.74,7.9
20/08/2015,7.25,6.25,3.74,7.9
19/08/2015,7.25,6.25,3.74,7.9
18/08/2015,7.25,6.25,3.74,7.9
17/08/2015,7.25,6.25,3.74,7.9
14/08/2015,7.25,6.25,3.74,7.9
13/08/2015,7.25,6.25,3.74,7.9
12/08/2015,7.25,6.25,3.74,7.9
11/08/2015,7.25,6.25,3.74,7.9
10/08/2015,7.25,6.25,3.74,7.9
7/08/2015,7.25,6.25,3.74,7.9
6/08/2015,7.25,6.25,3.74,7.9
5/08/2015,7.25,6.25,3.74,7.9
4/08/2015,7.25,6.25,3.74,7.9
3/08/2015,7.25,6.25,3.74,7.9
31/07/2015,7.25,6.25,3.69,7.9
30/07/2015,7.25,6.25,3.69,7.9
29/07/2015,7.25,6.25,3.69,7.9
28/07/2015,7.25,6.25,3.69,7.9
27/07/2015,7.25,6.25,3.69,7.9
24/07/2015,7.25,6.25,3.69,7.9
23/07/2015,7.25,6.25,3.69,7.9
22/07/2015,7.25,6.25,3.69,7.9
21/07/2015,7.25,6.25,3.69,7.9
20/07/2015,7.25,6.25,3.69,7.9
17/07/2015,7.25,6.25,3.69,7.9
16/07/2015,7.25,6.25,3.69,7.9
15/07/2015,7.25,6.25,3.69,7.9
14/07/2015,7.25,6.25,3.69,7.9
13/07/2015,7.25,6.25,3.69,7.9
10/07/2015,7.25,6.25,3.69,7.9
9/07/2015,7.25,6.25,3.69,7.9
8/07/2015,7.25,6.25,3.69,7.9
7/07/2015,7.25,6.25,3.69,7.9
6/07/2015,7.25,6.25,3.69,7.9
3/07/2015,7.25,6.25,3.69,7.9
2/07/2015,7.25,6.25,3.69,7.9
1/07/2015,7.25,6.25,3.69,7.9
30/06/2015,7.25,6.25,5.4,7.9
29/06/2015,7.25,6.25,5.4,7.9
26/06/2015,7.25,6.25,5.4,7.9
25/06/2015,7.25,6.25,5.4,7.9
24/06/2015,7.25,6.25,5.4,7.9
23/06/2015,7.25,6.25,5.4,7.9
22/06/2015,7.25,6.25,5.4,7.9
19/06/2015,7.25,6.25,5.4,7.9
18/06/2015,7.25,6.25,5.4,7.9
17/06/2015,7.25,6.25,5.4,7.9
16/06/2015,7.25,6.25,5.4,7.9
15/06/2015,7.25,6.25,5.4,7.9
12/06/2015,7.25,6.25,5.4,7.9
11/06/2015,7.25,6.25,5.4,7.9
10/06/2015,7.25,6.25,5.4,7.9
9/06/2015,7.25,6.25,5.4,7.9
8/06/2015,7.25,6.25,5.4,7.9
5/06/2015,7.25,6.25,5.4,7.9
4/06/2015,7.25,6.25,5.4,7.9
3/06/2015,7.25,6.25,5.4,7.9
2/06/2015,7.25,6.25,5.4,7.9
1/06/2015,7.25,6.25,5.4,7.9
29/05/2015,7.5,6.5,5.01,7.3
28/05/2015,7.5,6.5,5.01,7.3
27/05/2015,7.5,6.5,5.01,7.3
26/05/2015,7.5,6.5,5.01,7.3
25/05/2015,7.5,6.5,5.01,7.3
22/05/2015,7.5,6.5,5.01,7.3
21/05/2015,7.5,6.5,5.01,7.3
20/05/2015,7.5,6.5,5.01,7.3
19/05/2015,7.5,6.5,5.01,7.3
18/05/2015,7.5,6.5,5.01,7.3
15/05/2015,7.5,6.5,5.01,7.3
14/05/2015,7.5,6.5,5.01,7.3
13/05/2015,7.5,6.5,5.01,7.3
12/05/2015,7.5,6.5,5.01,7.3
11/05/2015,7.5,6.5,5.01,7.3
8/05/2015,7.5,6.5,5.01,7.3
7/05/2015,7.5,6.5,5.01,7.3
6/05/2015,7.5,6.5,5.01,7.3
5/05/2015,7.5,6.5,5.01,7.3
4/05/2015,7.5,6.5,5.01,7.3
30/04/2015,7.5,6.5,4.87,7.3
29/04/2015,7.5,6.5,4.87,7.3
28/04/2015,7.5,6.5,4.87,7.3
27/04/2015,7.5,6.5,4.87,7.3
24/04/2015,7.5,6.5,4.87,7.3
23/04/2015,7.5,6.5,4.87,7.3
22/04/2015,7.5,6.5,4.87,7.3
21/04/2015,7.5,6.5,4.87,7.3
20/04/2015,7.5,6.5,4.87,7.3
17/04/2015,7.5,6.5,4.87,7.3
16/04/2015,7.5,6.5,4.87,7.3
15/04/2015,7.5,6.5,4.87,7.3
13/04/2015,7.5,6.5,4.87,7.3
10/04/2015,7.5,6.5,4.87,7.3
9/04/2015,7.5,6.5,4.87,7.3
8/04/2015,7.5,6.5,4.87,7.3
7/04/2015,7.5,6.5,4.87,7.3
6/04/2015,7.5,6.5,4.87,7.3
1/04/2015,7.5,6.5,4.87,7.3
31/03/2015,7.5,6.5,5.25,7.3
30/03/2015,7.5,6.5,5.25,7.3
27/03/2015,7.5,6.5,5.25,7.3
26/03/2015,7.5,6.5,5.25,7.3
25/03/2015,7.5,6.5,5.25,7.3
24/03/2015,7.5,6.5,5.25,7.3
23/03/2015,7.5,6.5,5.25,7.3
20/03/2015,7.5,6.5,5.25,7.3
19/03/2015,7.5,6.5,5.25,7.3
18/03/2015,7.5,6.5,5.25,7.3
17/03/2015,7.5,6.5,5.25,7.3
16/03/2015,7.5,6.5,5.25,7.3
13/03/2015,7.5,6.5,5.25,7.3
12/03/2015,7.5,6.5,5.25,7.3
11/03/2015,7.5,6.5,5.25,7.3
10/03/2015,7.5,6.5,5.25,7.3
9/03/2015,7.5,6.5,5.25,7.3
5/03/2015,7.5,6.5,5.25,7.3
4/03/2015,7.5,6.5,5.25,7.3
3/03/2015,7.5,6.5,5.25,7.3
2/03/2015,7.5,6.5,5.25,7.3
28/02/2015,7.75,6.75,5.37,7.4
27/02/2015,7.75,6.75,5.37,7.4
26/02/2015,7.75,6.75,5.37,7.4
25/02/2015,7.75,6.75,5.37,7.4
24/02/2015,7.75,6.75,5.37,7.4
23/02/2015,7.75,6.75,5.37,7.4
20/02/2015,7.75,6.75,5.37,7.4
19/02/2015,7.75,6.75,5.37,7.4
18/02/2015,7.75,6.75,5.37,7.4
16/02/2015,7.75,6.75,5.37,7.4
13/02/2015,7.75,6.75,5.37,7.4
12/02/2015,7.75,6.75,5.37,7.4
11/02/2015,7.75,6.75,5.37,7.4
10/02/2015,7.75,6.75,5.37,7.4
9/02/2015,7.75,6.75,5.37,7.4
6/02/2015,7.75,6.75,5.37,7.4
5/02/2015,7.75,6.75,5.37,7.4
4/02/2015,7.75,6.75,5.37,7.4
3/02/2015,7.75,6.75,5.37,7.4
2/02/2015,7.75,6.75,5.37,7.4
30/01/2015,7.75,6.75,5.19,7.4
29/01/2015,7.75,6.75,5.19,7.4
28/01/2015,7.75,6.75,5.19,7.4
27/01/2015,7.75,6.75,5.19,7.4
23/01/2015,7.75,6.75,5.19,7.4
22/01/2015,7.75,6.75,5.19,7.4
21/01/2015,7.75,6.75,5.19,7.4
20/01/2015,7.75,6.75,5.19,7.4
19/01/2015,7.75,6.75,5.19,7.4
16/01/2015,7.75,6.75,5.19,7.4
15/01/2015,7.75,6.75,5.19,7.4
14/01/2015,7.75,6.75,5.19,7.4
13/01/2015,7.75,6.75,5.19,7.4
12/01/2015,7.75,6.75,5.19,7.4
9/01/2015,7.75,6.75,5.19,7.4
8/01/2015,7.75,6.75,5.19,7.4
7/01/2015,7.75,6.75,5.19,7.4
6/01/2015,7.75,6.75,5.19,7.4
5/01/2015,7.75,6.75,5.19,7.4
2/01/2015,7.75,6.75,5.19,7.4
1/01/2015,7.75,6.75,5.19,7.4
31/12/2014,8,7,4.28,7.4
30/12/2014,8,7,4.28,7.4
29/12/2014,8,7,4.28,7.4
26/12/2014,8,7,4.28,7.4
24/12/2014,8,7,4.28,7.4
23/12/2014,8,7,4.28,7.4
22/12/2014,8,7,4.28,7.4
19/12/2014,8,7,4.28,7.4
18/12/2014,8,7,4.28,7.4
17/12/2014,8,7,4.28,7.4
16/12/2014,8,7,4.28,7.4
15/12/2014,8,7,4.28,7.4
12/12/2014,8,7,4.28,7.4
11/12/2014,8,7,4.28,7.4
10/12/2014,8,7,4.28,7.4
9/12/2014,8,7,4.28,7.4
8/12/2014,8,7,4.28,7.4
5/12/2014,8,7,4.28,7.4
4/12/2014,8,7,4.28,7.4
3/12/2014,8,7,4.28,7.4
2/12/2014,8,7,4.28,7.4
1/12/2014,8,7,4.28,7.4
28/11/2014,8,7,3.27,7
27/11/2014,8,7,3.27,7
26/11/2014,8,7,3.27,7
25/11/2014,8,7,3.27,7
24/11/2014,8,7,3.27,7
21/11/2014,8,7,3.27,7
20/11/2014,8,7,3.27,7
19/11/2014,8,7,3.27,7
18/11/2014,8,7,3.27,7
17/11/2014,8,7,3.27,7
14/11/2014,8,7,3.27,7
13/11/2014,8,7,3.27,7
12/11/2014,8,7,3.27,7
11/11/2014,8,7,3.27,7
10/11/2014,8,7,3.27,7
7/11/2014,8,7,3.27,7
5/11/2014,8,7,3.27,7
3/11/2014,8,7,3.27,7
31/10/2014,8,7,4.6,7
30/10/2014,8,7,4.6,7
29/10/2014,8,7,4.6,7
28/10/2014,8,7,4.6,7
27/10/2014,8,7,4.6,7
23/10/2014,8,7,4.6,7
22/10/2014,8,7,4.6,7
21/10/2014,8,7,4.6,7
20/10/2014,8,7,4.6,7
17/10/2014,8,7,4.6,7
16/10/2014,8,7,4.6,7
14/10/2014,8,7,4.6,7
13/10/2014,8,7,4.6,7
10/10/2014,8,7,4.6,7
9/10/2014,8,7,4.6,7
8/10/2014,8,7,4.6,7
7/10/2014,8,7,4.6,7
1/10/2014,8,7,4.6,7
30/09/2014,8,7,5.6,7
29/09/2014,8,7,5.6,7
26/09/2014,8,7,5.6,7
25/09/2014,8,7,5.6,7
24/09/2014,8,7,5.6,7
23/09/2014,8,7,5.6,7
22/09/2014,8,7,5.6,7
19/09/2014,8,7,5.6,7
18/09/2014,8,7,5.6,7
17/09/2014,8,7,5.6,7
16/09/2014,8,7,5.6,7
15/09/2014,8,7,5.6,7
12/09/2014,8,7,5.6,7
11/09/2014,8,7,5.6,7
10/09/2014,8,7,5.6,7
9/09/2014,8,7,5.6,7
8/09/2014,8,7,5.6,7
5/09/2014,8,7,5.6,7
4/09/2014,8,7,5.6,7
3/09/2014,8,7,5.6,7
2/09/2014,8,7,5.6,7
1/09/2014,8,7,5.6,7
28/08/2014,8,7,7,7.5
27/08/2014,8,7,7,7.5
26/08/2014,8,7,7,7.5
25/08/2014,8,7,7,7.5
22/08/2014,8,7,7,7.5
21/08/2014,8,7,7,7.5
20/08/2014,8,7,7,7.5
19/08/2014,8,7,7,7.5
18/08/2014,8,7,7,7.5
14/08/2014,8,7,7,7.5
13/08/2014,8,7,7,7.5
12/08/2014,8,7,7,7.5
11/08/2014,8,7,7,7.5
8/08/2014,8,7,7,7.5
7/08/2014,8,7,7,7.5
6/08/2014,8,7,7,7.5
5/08/2014,8,7,7,7.5
4/08/2014,8,7,7,7.5
1/08/2014,8,7,7,7.5
31/07/2014,8,7,7.4,7.5
30/07/2014,8,7,7.4,7.5
28/07/2014,8,7,7.4,7.5
25/07/2014,8,7,7.4,7.5
24/07/2014,8,7,7.4,7.5
23/07/2014,8,7,7.4,7.5
22/07/2014,8,7,7.4,7.5
21/07/2014,8,7,7.4,7.5
18/07/2014,8,7,7.4,7.5
17/07/2014,8,7,7.4,7.5
16/07/2014,8,7,7.4,7.5
15/07/2014,8,7,7.4,7.5
14/07/2014,8,7,7.4,7.5
11/07/2014,8,7,7.4,7.5
10/07/2014,8,7,7.4,7.5
9/07/2014,8,7,7.4,7.5
8/07/2014,8,7,7.4,7.5
7/07/2014,8,7,7.4,7.5
4/07/2014,8,7,7.4,7.5
3/07/2014,8,7,7.4,7.5
2/07/2014,8,7,7.4,7.5
1/07/2014,8,7,7.4,7.5
30/06/2014,8,7,6.8,7.5
27/06/2014,8,7,6.8,7.5
26/06/2014,8,7,6.8,7.5
25/06/2014,8,7,6.8,7.5
24/06/2014,8,7,6.8,7.5
23/06/2014,8,7,6.8,7.5
20/06/2014,8,7,6.8,7.5
19/06/2014,8,7,6.8,7.5
18/06/2014,8,7,6.8,7.5
17/06/2014,8,7,6.8,7.5
16/06/2014,8,7,6.8,7.5
13/06/2014,8,7,6.8,7.5
12/06/2014,8,7,6.8,7.5
11/06/2014,8,7,6.8,7.5
10/06/2014,8,7,6.8,7.5
9/06/2014,8,7,6.8,7.5
6/06/2014,8,7,6.8,7.5
5/06/2014,8,7,6.8,7.5
4/06/2014,8,7,6.8,7.5
3/06/2014,8,7,6.8,7.5
2/06/2014,8,7,6.8,7.5
30/05/2014,8,7,8.28,7.5
29/05/2014,8,7,8.28,7.5
28/05/2014,8,7,8.28,7.5
27/05/2014,8,7,8.28,7.5
26/05/2014,8,7,8.28,7.5
23/05/2014,8,7,8.28,7.5
22/05/2014,8,7,8.28,7.5
21/05/2014,8,7,8.28,7.5
20/05/2014,8,7,8.28,7.5
19/05/2014,8,7,8.28,7.5
16/05/2014,8,7,8.28,7.5
15/05/2014,8,7,8.28,7.5
14/05/2014,8,7,8.28,7.5
13/05/2014,8,7,8.28,7.5
12/05/2014,8,7,8.28,7.5
9/05/2014,8,7,8.28,7.5
8/05/2014,8,7,8.28,7.5
7/05/2014,8,7,8.28,7.5
6/05/2014,8,7,8.28,7.5
5/05/2014,8,7,8.28,7.5
2/05/2014,8,7,8.28,7.5
30/04/2014,8,7,8.5,7.5
29/04/2014,8,7,8.5,7.5
28/04/2014,8,7,8.5,7.5
25/04/2014,8,7,8.5,7.5
23/04/2014,8,7,8.5,7.5
22/04/2014,8,7,8.5,7.5
21/04/2014,8,7,8.5,7.5
17/04/2014,8,7,8.5,7.5
16/04/2014,8,7,8.5,7.5
15/04/2014,8,7,8.5,7.5
11/04/2014,8,7,8.5,7.5
10/04/2014,8,7,8.5,7.5
9/04/2014,8,7,8.5,7.5
7/04/2014,8,7,8.5,7.5
4/04/2014,8,7,8.5,7.5
3/04/2014,8,7,8.5,7.5
2/04/2014,8,7,8.5,7.5
1/04/2014,8,7,8.5,7.5
31/03/2014,8,7,8.2,7.5
28/03/2014,8,7,8.2,7.5
27/03/2014,8,7,8.2,7.5
26/03/2014,8,7,8.2,7.5
25/03/2014,8,7,8.2,7.5
24/03/2014,8,7,8.2,7.5
22/03/2014,8,7,8.2,7.5
21/03/2014,8,7,8.2,7.5
20/03/2014,8,7,8.2,7.5
19/03/2014,8,7,8.2,7.5
18/03/2014,8,7,8.2,7.5
14/03/2014,8,7,8.2,7.5
13/03/2014,8,7,8.2,7.5
12/03/2014,8,7,8.2,7.5
11/03/2014,8,7,8.2,7.5
10/03/2014,8,7,8.2,7.5
7/03/2014,8,7,8.2,7.5
6/03/2014,8,7,8.2,7.5
5/03/2014,8,7,8.2,7.5
4/03/2014,8,7,8.2,7.5
3/03/2014,8,7,8.2,7.5
28/02/2014,8,7,7.9,5.3
26/02/2014,8,7,7.9,5.3
25/02/2014,8,7,7.9,5.3
24/02/2014,8,7,7.9,5.3
21/02/2014,8,7,7.9,5.3
20/02/2014,8,7,7.9,5.3
19/02/2014,8,7,7.9,5.3
18/02/2014,8,7,7.9,5.3
17/02/2014,8,7,7.9,5.3
14/02/2014,8,7,7.9,5.3
13/02/2014,8,7,7.9,5.3
12/02/2014,8,7,7.9,5.3
11/02/2014,8,7,7.9,5.3
10/02/2014,8,7,7.9,5.3
7/02/2014,8,7,7.9,5.3
6/02/2014,8,7,7.9,5.3
5/02/2014,8,7,7.9,5.3
4/02/2014,8,7,7.9,5.3
3/02/2014,8,7,7.9,5.3
31/01/2014,8,7,8.6,5.3
30/01/2014,8,7,8.6,5.3
29/01/2014,8,7,8.6,5.3
28/01/2014,8,7,8.6,5.3
27/01/2014,8,7,8.6,5.3
24/01/2014,8,7,8.6,5.3
23/01/2014,8,7,8.6,5.3
22/01/2014,8,7,8.6,5.3
21/01/2014,8,7,8.6,5.3
20/01/2014,8,7,8.6,5.3
17/01/2014,8,7,8.6,5.3
16/01/2014,8,7,8.6,5.3
15/01/2014,8,7,8.6,5.3
14/01/2014,8,7,8.6,5.3
13/01/2014,8,7,8.6,5.3
10/01/2014,8,7,8.6,5.3
9/01/2014,8,7,8.6,5.3
8/01/2014,8,7,8.6,5.3
7/01/2014,8,7,8.6,5.3
6/01/2014,8,7,8.6,5.3
3/01/2014,8,7,8.6,5.3
2/01/2014,8,7,8.6,5.3
1/01/2014,8,7,8.6,5.3
31/12/2013,7.75,6.75,9.87,5.3
30/12/2013,7.75,6.75,9.87,5.3
27/12/2013,7.75,6.75,9.87,5.3
26/12/2013,7.75,6.75,9.87,5.3
24/12/2013,7.75,6.75,9.87,5.3
23/12/2013,7.75,6.75,9.87,5.3
20/12/2013,7.75,6.75,9.87,5.3
19/12/2013,7.75,6.75,9.87,5.3
18/12/2013,7.75,6.75,9.87,5.3
17/12/2013,7.75,6.75,9.87,5.3
16/12/2013,7.75,6.75,9.87,5.3
13/12/2013,7.75,6.75,9.87,5.3
12/12/2013,7.75,6.75,9.87,5.3
11/12/2013,7.75,6.75,9.87,5.3
10/12/2013,7.75,6.75,9.87,5.3
9/12/2013,7.75,6.75,9.87,5.3
6/12/2013,7.75,6.75,9.87,5.3
5/12/2013,7.75,6.75,9.87,5.3
4/12/2013,7.75,6.75,9.87,5.3
3/12/2013,7.75,6.75,9.87,5.3
2/12/2013,7.75,6.75,9.87,5.3
29/11/2013,7.75,6.75,11.16,5.7
28/11/2013,7.75,6.75,11.16,5.7
27/11/2013,7.75,6.75,11.16,5.7
26/11/2013,7.75,6.75,11.16,5.7
25/11/2013,7.75,6.75,11.16,5.7
22/11/2013,7.75,6.75,11.16,5.7
21/11/2013,7.75,6.75,11.16,5.7
20/11/2013,7.75,6.75,11.16,5.7
19/11/2013,7.75,6.75,11.16,5.7
18/11/2013,7.75,6.75,11.16,5.7
14/11/2013,7.75,6.75,11.16,5.7
13/11/2013,7.75,6.75,11.16,5.7
12/11/2013,7.75,6.75,11.16,5.7
11/11/2013,7.75,6.75,11.16,5.7
8/11/2013,7.75,6.75,11.16,5.7
7/11/2013,7.75,6.75,11.16,5.7
6/11/2013,7.75,6.75,11.16,5.7
5/11/2013,7.75,6.75,11.16,5.7
3/11/2013,7.75,6.75,11.16,5.7
1/11/2013,7.75,6.75,11.16,5.7
31/10/2013,7.75,6.75,10.17,5.7
30/10/2013,7.75,6.75,10.17,5.7
29/10/2013,7.75,6.75,10.17,5.7
28/10/2013,7.75,6.75,10.17,5.7
25/10/2013,7.75,6.75,10.17,5.7
24/10/2013,7.75,6.75,10.17,5.7
23/10/2013,7.75,6.75,10.17,5.7
22/10/2013,7.75,6.75,10.17,5.7
21/10/2013,7.75,6.75,10.17,5.7
18/10/2013,7.75,6.75,10.17,5.7
17/10/2013,7.75,6.75,10.17,5.7
15/10/2013,7.75,6.75,10.17,5.7
14/10/2013,7.75,6.75,10.17,5.7
11/10/2013,7.75,6.75,10.17,5.7
10/10/2013,7.75,6.75,10.17,5.7
9/10/2013,7.75,6.75,10.17,5.7
8/10/2013,7.75,6.75,10.17,5.7
7/10/2013,7.75,6.75,10.17,5.7
4/10/2013,7.75,6.75,10.17,5.7
3/10/2013,7.75,6.75,10.17,5.7
1/10/2013,7.75,6.75,10.17,5.7
30/09/2013,7.5,6.5,9.84,5.7
27/09/2013,7.5,6.5,9.84,5.7
26/09/2013,7.5,6.5,9.84,5.7
25/09/2013,7.5,6.5,9.84,5.7
24/09/2013,7.5,6.5,9.84,5.7
23/09/2013,7.5,6.5,9.84,5.7
20/09/2013,7.5,6.5,9.84,5.7
19/09/2013,7.5,6.5,9.84,5.7
18/09/2013,7.5,6.5,9.84,5.7
17/09/2013,7.5,6.5,9.84,5.7
16/09/2013,7.5,6.5,9.84,5.7
13/09/2013,7.5,6.5,9.84,5.7
12/09/2013,7.5,6.5,9.84,5.7
11/09/2013,7.5,6.5,9.84,5.7
10/09/2013,7.5,6.5,9.84,5.7
6/09/2013,7.5,6.5,9.84,5.7
5/09/2013,7.5,6.5,9.84,5.7
4/09/2013,7.5,6.5,9.84,5.7
3/09/2013,7.5,6.5,9.84,5.7
2/09/2013,7.5,6.5,9.84,5.7
30/08/2013,7.25,6.25,9.52,4.6
29/08/2013,7.25,6.25,9.52,4.6
28/08/2013,7.25,6.25,9.52,4.6
27/08/2013,7.25,6.25,9.52,4.6
26/08/2013,7.25,6.25,9.52,4.6
23/08/2013,7.25,6.25,9.52,4.6
22/08/2013,7.25,6.25,9.52,4.6
21/08/2013,7.25,6.25,9.52,4.6
20/08/2013,7.25,6.25,9.52,4.6
19/08/2013,7.25,6.25,9.52,4.6
16/08/2013,7.25,6.25,9.52,4.6
14/08/2013,7.25,6.25,9.52,4.6
13/08/2013,7.25,6.25,9.52,4.6
12/08/2013,7.25,6.25,9.52,4.6
8/08/2013,7.25,6.25,9.52,4.6
7/08/2013,7.25,6.25,9.52,4.6
6/08/2013,7.25,6.25,9.52,4.6
5/08/2013,7.25,6.25,9.52,4.6
2/08/2013,7.25,6.25,9.52,4.6
1/08/2013,7.25,6.25,9.52,4.6
31/07/2013,7.25,6.25,9.64,4.6
30/07/2013,7.25,6.25,9.64,4.6
29/07/2013,7.25,6.25,9.64,4.6
26/07/2013,7.25,6.25,9.64,4.6
25/07/2013,7.25,6.25,9.64,4.6
24/07/2013,7.25,6.25,9.64,4.6
23/07/2013,7.25,6.25,9.64,4.6
22/07/2013,7.25,6.25,9.64,4.6
19/07/2013,7.25,6.25,9.64,4.6
18/07/2013,7.25,6.25,9.64,4.6
17/07/2013,7.25,6.25,9.64,4.6
16/07/2013,7.25,6.25,9.64,4.6
15/07/2013,7.25,6.25,9.64,4.6
12/07/2013,7.25,6.25,9.64,4.6
11/07/2013,7.25,6.25,9.64,4.6
10/07/2013,7.25,6.25,9.64,4.6
9/07/2013,7.25,6.25,9.64,4.6
8/07/2013,7.25,6.25,9.64,4.6
5/07/2013,7.25,6.25,9.64,4.6
4/07/2013,7.25,6.25,9.64,4.6
3/07/2013,7.25,6.25,9.64,4.6
2/07/2013,7.25,6.25,9.64,4.6
1/07/2013,7.25,6.25,9.64,4.6
28/06/2013,7.25,6.25,9.87,4.6
27/06/2013,7.25,6.25,9.87,4.6
26/06/2013,7.25,6.25,9.87,4.6
25/06/2013,7.25,6.25,9.87,4.6
24/06/2013,7.25,6.25,9.87,4.6
21/06/2013,7.25,6.25,9.87,4.6
20/06/2013,7.25,6.25,9.87,4.6
19/06/2013,7.25,6.25,9.87,4.6
18/06/2013,7.25,6.25,9.87,4.6
17/06/2013,7.25,6.25,9.87,4.6
14/06/2013,7.25,6.25,9.87,4.6
13/06/2013,7.25,6.25,9.87,4.6
12/06/2013,7.25,6.25,9.87,4.6
11/06/2013,7.25,6.25,9.87,4.6
10/06/2013,7.25,6.25,9.87,4.6
7/06/2013,7.25,6.25,9.87,4.6
6/06/2013,7.25,6.25,9.87,4.6
5/06/2013,7.25,6.25,9.87,4.6
4/06/2013,7.25,6.25,9.87,4.6
3/06/2013,7.25,6.25,9.87,4.6
31/05/2013,7.25,6.25,9.31,4.7
30/05/2013,7.25,6.25,9.31,4.7
29/05/2013,7.25,6.25,9.31,4.7
28/05/2013,7.25,6.25,9.31,4.7
27/05/2013,7.25,6.25,9.31,4.7
24/05/2013,7.25,6.25,9.31,4.7
23/05/2013,7.25,6.25,9.31,4.7
22/05/2013,7.25,6.25,9.31,4.7
21/05/2013,7.25,6.25,9.31,4.7
20/05/2013,7.25,6.25,9.31,4.7
17/05/2013,7.25,6.25,9.31,4.7
16/05/2013,7.25,6.25,9.31,4.7
15/05/2013,7.25,6.25,9.31,4.7
14/05/2013,7.25,6.25,9.31,4.7
13/05/2013,7.25,6.25,9.31,4.7
11/05/2013,7.25,6.25,9.31,4.7
10/05/2013,7.25,6.25,9.31,4.7
9/05/2013,7.25,6.25,9.31,4.7
8/05/2013,7.25,6.25,9.31,4.7
7/05/2013,7.25,6.25,9.31,4.7
6/05/2013,7.25,6.25,9.31,4.7
3/05/2013,7.25,6.25,9.31,4.7
2/05/2013,7.25,6.25,9.31,4.7
30/04/2013,7.5,6.5,9.39,4.7
29/04/2013,7.5,6.5,9.39,4.7
26/04/2013,7.5,6.5,9.39,4.7
25/04/2013,7.5,6.5,9.39,4.7
23/04/2013,7.5,6.5,9.39,4.7
22/04/2013,7.5,6.5,9.39,4.7
18/04/2013,7.5,6.5,9.39,4.7
17/04/2013,7.5,6.5,9.39,4.7
16/04/2013,7.5,6.5,9.39,4.7
15/04/2013,7.5,6.5,9.39,4.7
12/04/2013,7.5,6.5,9.39,4.7
11/04/2013,7.5,6.5,9.39,4.7
10/04/2013,7.5,6.5,9.39,4.7
9/04/2013,7.5,6.5,9.39,4.7
8/04/2013,7.5,6.5,9.39,4.7
5/04/2013,7.5,6.5,9.39,4.7
4/04/2013,7.5,6.5,9.39,4.7
3/04/2013,7.5,6.5,9.39,4.7
2/04/2013,7.5,6.5,9.39,4.7
1/04/2013,7.5,6.5,9.39,4.7
28/03/2013,7.5,6.5,10.39,4.7
26/03/2013,7.5,6.5,10.39,4.7
25/03/2013,7.5,6.5,10.39,4.7
22/03/2013,7.5,6.5,10.39,4.7
21/03/2013,7.5,6.5,10.39,4.7
20/03/2013,7.5,6.5,10.39,4.7
19/03/2013,7.5,6.5,10.39,4.7
18/03/2013,7.5,6.5,10.39,4.7
15/03/2013,7.5,6.5,10.39,4.7
14/03/2013,7.5,6.5,10.39,4.7
13/03/2013,7.5,6.5,10.39,4.7
12/03/2013,7.5,6.5,10.39,4.7
11/03/2013,7.5,6.5,10.39,4.7
8/03/2013,7.5,6.5,10.39,4.7
7/03/2013,7.5,6.5,10.39,4.7
6/03/2013,7.5,6.5,10.39,4.7
5/03/2013,7.5,6.5,10.39,4.7
4/03/2013,7.5,6.5,10.39,4.7
1/03/2013,7.5,6.5,10.39,4.7
28/02/2013,7.75,6.75,10.91,4.8
27/02/2013,7.75,6.75,10.91,4.8
26/02/2013,7.75,6.75,10.91,4.8
25/02/2013,7.75,6.75,10.91,4.8
22/02/2013,7.75,6.75,10.91,4.8
21/02/2013,7.75,6.75,10.91,4.8
20/02/2013,7.75,6.75,10.91,4.8
19/02/2013,7.75,6.75,10.91,4.8
18/02/2013,7.75,6.75,10.91,4.8
15/02/2013,7.75,6.75,10.91,4.8
14/02/2013,7.75,6.75,10.91,4.8
13/02/2013,7.75,6.75,10.91,4.8
12/02/2013,7.75,6.75,10.91,4.8
11/02/2013,7.75,6.75,10.91,4.8
8/02/2013,7.75,6.75,10.91,4.8
7/02/2013,7.75,6.75,10.91,4.8
6/02/2013,7.75,6.75,10.91,4.8
5/02/2013,7.75,6.75,10.91,4.8
4/02/2013,7.75,6.75,10.91,4.8
1/02/2013,7.75,6.75,10.91,4.8
31/01/2013,7.75,6.75,10.79,4.8
30/01/2013,7.75,6.75,10.79,4.8
29/01/2013,7.75,6.75,10.79,4.8
28/01/2013,7.75,6.75,10.79,4.8
25/01/2013,7.75,6.75,10.79,4.8
24/01/2013,7.75,6.75,10.79,4.8
23/01/2013,7.75,6.75,10.79,4.8
22/01/2013,7.75,6.75,10.79,4.8
21/01/2013,7.75,6.75,10.79,4.8
18/01/2013,7.75,6.75,10.79,4.8
17/01/2013,7.75,6.75,10.79,4.8
16/01/2013,7.75,6.75,10.79,4.8
15/01/2013,7.75,6.75,10.79,4.8
14/01/2013,7.75,6.75,10.79,4.8
11/01/2013,7.75,6.75,10.79,4.8
10/01/2013,7.75,6.75,10.79,4.8
9/01/2013,7.75,6.75,10.79,4.8
8/01/2013,7.75,6.75,10.79,4.8
7/01/2013,7.75,6.75,10.79,4.8
4/01/2013,7.75,6.75,10.79,4.8
3/01/2013,7.75,6.75,10.79,4.8
2/01/2013,7.75,6.75,10.79,4.8
1/01/2013,7.75,6.75,10.79,4.8
31/12/2012,8,7,10.56,4.8
28/12/2012,8,7,10.56,4.8
27/12/2012,8,7,10.56,4.8
26/12/2012,8,7,10.56,4.8
24/12/2012,8,7,10.56,4.8
21/12/2012,8,7,10.56,4.8
20/12/2012,8,7,10.56,4.8
19/12/2012,8,7,10.56,4.8
18/12/2012,8,7,10.56,4.8
17/12/2012,8,7,10.56,4.8
14/12/2012,8,7,10.56,4.8
13/12/2012,8,7,10.56,4.8
12/12/2012,8,7,10.56,4.8
11/12/2012,8,7,10.56,4.8
10/12/2012,8,7,10.56,4.8
7/12/2012,8,7,10.56,4.8
6/12/2012,8,7,10.56,4.8
5/12/2012,8,7,10.56,4.8
4/12/2012,8,7,10.56,4.8
3/12/2012,8,7,10.56,4.8
30/11/2012,8,7,9.9,4.4
29/11/2012,8,7,9.9,4.4
27/11/2012,8,7,9.9,4.4
26/11/2012,8,7,9.9,4.4
23/11/2012,8,7,9.9,4.4
22/11/2012,8,7,9.9,4.4
21/11/2012,8,7,9.9,4.4
20/11/2012,8,7,9.9,4.4
19/11/2012,8,7,9.9,4.4
16/11/2012,8,7,9.9,4.4
15/11/2012,8,7,9.9,4.4
13/11/2012,8,7,9.9,4.4
12/11/2012,8,7,9.9,4.4
9/11/2012,8,7,9.9,4.4
8/11/2012,8,7,9.9,4.4
7/11/2012,8,7,9.9,4.4
6/11/2012,8,7,9.9,4.4
5/11/2012,8,7,9.9,4.4
2/11/2012,8,7,9.9,4.4
1/11/2012,8,7,9.9,4.4
31/10/2012,8,7,9.75,4.4
30/10/2012,8,7,9.75,4.4
29/10/2012,8,7,9.75,4.4
26/10/2012,8,7,9.75,4.4
25/10/2012,8,7,9.75,4.4
23/10/2012,8,7,9.75,4.4
22/10/2012,8,7,9.75,4.4
19/10/2012,8,7,9.75,4.4
18/10/2012,8,7,9.75,4.4
17/10/2012,8,7,9.75,4.4
16/10/2012,8,7,9.75,4.4
15/10/2012,8,7,9.75,4.4
12/10/2012,8,7,9.75,4.4
11/10/2012,8,7,9.75,4.4
10/10/2012,8,7,9.75,4.4
9/10/2012,8,7,9.75,4.4
8/10/2012,8,7,9.75,4.4
5/10/2012,8,7,9.75,4.4
4/10/2012,8,7,9.75,4.4
3/10/2012,8,7,9.75,4.4
1/10/2012,8,7,9.75,4.4
28/09/2012,8,7,9.73,4.4
27/09/2012,8,7,9.73,4.4
26/09/2012,8,7,9.73,4.4
25/09/2012,8,7,9.73,4.4
24/09/2012,8,7,9.73,4.4
21/09/2012,8,7,9.73,4.4
20/09/2012,8,7,9.73,4.4
18/09/2012,8,7,9.73,4.4
17/09/2012,8,7,9.73,4.4
14/09/2012,8,7,9.73,4.4
13/09/2012,8,7,9.73,4.4
12/09/2012,8,7,9.73,4.4
11/09/2012,8,7,9.73,4.4
10/09/2012,8,7,9.73,4.4
8/09/2012,8,7,9.73,4.4
7/09/2012,8,7,9.73,4.4
6/09/2012,8,7,9.73,4.4
5/09/2012,8,7,9.73,4.4
4/09/2012,8,7,9.73,4.4
3/09/2012,8,7,9.73,4.4
31/08/2012,8,7,10.03,4.8
30/08/2012,8,7,10.03,4.8
29/08/2012,8,7,10.03,4.8
28/08/2012,8,7,10.03,4.8
27/08/2012,8,7,10.03,4.8
24/08/2012,8,7,10.03,4.8
23/08/2012,8,7,10.03,4.8
22/08/2012,8,7,10.03,4.8
21/08/2012,8,7,10.03,4.8
17/08/2012,8,7,10.03,4.8
16/08/2012,8,7,10.03,4.8
14/08/2012,8,7,10.03,4.8
13/08/2012,8,7,10.03,4.8
10/08/2012,8,7,10.03,4.8
9/08/2012,8,7,10.03,4.8
8/08/2012,8,7,10.03,4.8
7/08/2012,8,7,10.03,4.8
6/08/2012,8,7,10.03,4.8
3/08/2012,8,7,10.03,4.8
2/08/2012,8,7,10.03,4.8
1/08/2012,8,7,10.03,4.8
31/07/2012,8,7,9.86,4.8
30/07/2012,8,7,9.86,4.8
27/07/2012,8,7,9.86,4.8
26/07/2012,8,7,9.86,4.8
25/07/2012,8,7,9.86,4.8
24/07/2012,8,7,9.86,4.8
23/07/2012,8,7,9.86,4.8
20/07/2012,8,7,9.86,4.8
19/07/2012,8,7,9.86,4.8
18/07/2012,8,7,9.86,4.8
17/07/2012,8,7,9.86,4.8
16/07/2012,8,7,9.86,4.8
13/07/2012,8,7,9.86,4.8
12/07/2012,8,7,9.86,4.8
11/07/2012,8,7,9.86,4.8
10/07/2012,8,7,9.86,4.8
9/07/2012,8,7,9.86,4.8
6/07/2012,8,7,9.86,4.8
5/07/2012,8,7,9.86,4.8
4/07/2012,8,7,9.86,4.8
3/07/2012,8,7,9.86,4.8
2/07/2012,8,7,9.86,4.8
29/06/2012,8,7,9.93,4.8
28/06/2012,8,7,9.93,4.8
27/06/2012,8,7,9.93,4.8
26/06/2012,8,7,9.93,4.8
25/06/2012,8,7,9.93,4.8
22/06/2012,8,7,9.93,4.8
21/06/2012,8,7,9.93,4.8
20/06/2012,8,7,9.93,4.8
19/06/2012,8,7,9.93,4.8
18/06/2012,8,7,9.93,4.8
15/06/2012,8,7,9.93,4.8
14/06/2012,8,7,9.93,4.8
13/06/2012,8,7,9.93,4.8
12/06/2012,8,7,9.93,4.8
11/06/2012,8,7,9.93,4.8
8/06/2012,8,7,9.93,4.8
7/06/2012,8,7,9.93,4.8
6/06/2012,8,7,9.93,4.8
5/06/2012,8,7,9.93,4.8
4/06/2012,8,7,9.93,4.8
1/06/2012,8,7,9.93,4.8
31/05/2012,8,7,10.36,4.5
30/05/2012,8,7,10.36,4.5
29/05/2012,8,7,10.36,4.5
28/05/2012,8,7,10.36,4.5
25/05/2012,8,7,10.36,4.5
24/05/2012,8,7,10.36,4.5
23/05/2012,8,7,10.36,4.5
22/05/2012,8,7,10.36,4.5
21/05/2012,8,7,10.36,4.5
18/05/2012,8,7,10.36,4.5
17/05/2012,8,7,10.36,4.5
16/05/2012,8,7,10.36,4.5
15/05/2012,8,7,10.36,4.5
14/05/2012,8,7,10.36,4.5
11/05/2012,8,7,10.36,4.5
10/05/2012,8,7,10.36,4.5
9/05/2012,8,7,10.36,4.5
8/05/2012,8,7,10.36,4.5
7/05/2012,8,7,10.36,4.5
4/05/2012,8,7,10.36,4.5
3/05/2012,8,7,10.36,4.5
2/05/2012,8,7,10.36,4.5
30/04/2012,8,7,10.26,4.5
28/04/2012,8,7,10.26,4.5
27/04/2012,8,7,10.26,4.5
26/04/2012,8,7,10.26,4.5
25/04/2012,8,7,10.26,4.5
24/04/2012,8,7,10.26,4.5
23/04/2012,8,7,10.26,4.5
20/04/2012,8,7,10.26,4.5
19/04/2012,8,7,10.26,4.5
18/04/2012,8,7,10.26,4.5
17/04/2012,8,7,10.26,4.5
16/04/2012,8,7,10.26,4.5
13/04/2012,8,7,10.26,4.5
12/04/2012,8,7,10.26,4.5
11/04/2012,8,7,10.26,4.5
10/04/2012,8,7,10.26,4.5
9/04/2012,8,7,10.26,4.5
4/04/2012,8,7,10.26,4.5
3/04/2012,8,7,10.26,4.5
2/04/2012,8,7,10.26,4.5
30/03/2012,8.5,7.5,9.38,4.5
29/03/2012,8.5,7.5,9.38,4.5
28/03/2012,8.5,7.5,9.38,4.5
27/03/2012,8.5,7.5,9.38,4.5
26/03/2012,8.5,7.5,9.38,4.5
23/03/2012,8.5,7.5,9.38,4.5
22/03/2012,8.5,7.5,9.38,4.5
21/03/2012,8.5,7.5,9.38,4.5
20/03/2012,8.5,7.5,9.38,4.5
19/03/2012,8.5,7.5,9.38,4.5
16/03/2012,8.5,7.5,9.38,4.5
15/03/2012,8.5,7.5,9.38,4.5
14/03/2012,8.5,7.5,9.38,4.5
13/03/2012,8.5,7.5,9.38,4.5
12/03/2012,8.5,7.5,9.38,4.5
9/03/2012,8.5,7.5,9.38,4.5
7/03/2012,8.5,7.5,9.38,4.5
6/03/2012,8.5,7.5,9.38,4.5
5/03/2012,8.5,7.5,9.38,4.5
3/03/2012,8.5,7.5,9.38,4.5
2/03/2012,8.5,7.5,9.38,4.5
1/03/2012,8.5,7.5,9.38,4.5
29/02/2012,8.5,7.5,8.83,5.3
28/02/2012,8.5,7.5,8.83,5.3
27/02/2012,8.5,7.5,8.83,5.3
24/02/2012,8.5,7.5,8.83,5.3
23/02/2012,8.5,7.5,8.83,5.3
22/02/2012,8.5,7.5,8.83,5.3
21/02/2012,8.5,7.5,8.83,5.3
17/02/2012,8.5,7.5,8.83,5.3
16/02/2012,8.5,7.5,8.83,5.3
15/02/2012,8.5,7.5,8.83,5.3
14/02/2012,8.5,7.5,8.83,5.3
13/02/2012,8.5,7.5,8.83,5.3
10/02/2012,8.5,7.5,8.83,5.3
9/02/2012,8.5,7.5,8.83,5.3
8/02/2012,8.5,7.5,8.83,5.3
7/02/2012,8.5,7.5,8.83,5.3
6/02/2012,8.5,7.5,8.83,5.3
3/02/2012,8.5,7.5,8.83,5.3
2/02/2012,8.5,7.5,8.83,5.3
1/02/2012,8.5,7.5,7.65,5.3
31/01/2012,8.5,7.5,7.65,5.3
30/01/2012,8.5,7.5,7.65,5.3
27/01/2012,8.5,7.5,7.65,5.3
25/01/2012,8.5,7.5,7.65,5.3
24/01/2012,8.5,7.5,7.65,5.3
23/01/2012,8.5,7.5,7.65,5.3
20/01/2012,8.5,7.5,7.65,5.3
19/01/2012,8.5,7.5,7.65,5.3
18/01/2012,8.5,7.5,7.65,5.3
17/01/2012,8.5,7.5,7.65,5.3
16/01/2012,8.5,7.5,7.65,5.3
13/01/2012,8.5,7.5,7.65,5.3
12/01/2012,8.5,7.5,7.65,5.3
11/01/2012,8.5,7.5,7.65,5.3
10/01/2012,8.5,7.5,7.65,5.3
9/01/2012,8.5,7.5,7.65,5.3
7/01/2012,8.5,7.5,7.65,5.3
6/01/2012,8.5,7.5,7.65,5.3
5/01/2012,8.5,7.5,7.65,5.3
4/01/2012,8.5,7.5,7.65,5.3
3/01/2012,8.5,7.5,7.65,5.3
2/01/2012,8.5,7.5,7.65,5.3
30/12/2011,8.5,7.5,7.65,5.3
29/12/2011,8.5,7.5,7.65,5.3
28/12/2011,8.5,7.5,7.65,5.3
27/12/2011,8.5,7.5,7.65,5.3
26/12/2011,8.5,7.5,7.65,5.3
23/12/2011,8.5,7.5,7.65,5.3
22/12/2011,8.5,7.5,7.65,5.3
21/12/2011,8.5,7.5,7.65,5.3
20/12/2011,8.5,7.5,7.65,5.3
19/12/2011,8.5,7.5,7.65,5.3
16/12/2011,8.5,7.5,7.65,5.3
15/12/2011,8.5,7.5,7.65,5.3
14/12/2011,8.5,7.5,7.65,5.3
13/12/2011,8.5,7.5,7.65,5.3
12/12/2011,8.5,7.5,7.65,5.3
9/12/2011,8.5,7.5,7.65,5.3
8/12/2011,8.5,7.5,7.65,5.3
7/12/2011,8.5,7.5,7.65,5.3
5/12/2011,8.5,7.5,7.65,5.3
2/12/2011,8.5,7.5,7.65,5.3
1/12/2011,8.5,7.5,7.65,5.3
30/11/2011,8.5,7.5,7.65,5.5
29/11/2011,8.5,7.5,7.65,5.5
28/11/2011,8.5,7.5,7.65,5.5
25/11/2011,8.5,7.5,7.65,5.5
24/11/2011,8.5,7.5,7.65,5.5
23/11/2011,8.5,7.5,7.65,5.5
22/11/2011,8.5,7.5,7.65,5.5
21/11/2011,8.5,7.5,7.65,5.5
18/11/2011,8.5,7.5,7.65,5.5
17/11/2011,8.5,7.5,7.65,5.5
16/11/2011,8.5,7.5,7.65,5.5
15/11/2011,8.5,7.5,7.65,5.5
14/11/2011,8.5,7.5,7.65,5.5
11/11/2011,8.5,7.5,7.65,5.5
9/11/2011,8.5,7.5,7.65,5.5
8/11/2011,8.5,7.5,7.65,5.5
4/11/2011,8.5,7.5,7.65,5.5
3/11/2011,8.5,7.5,7.65,5.5
2/11/2011,8.5,7.5,7.65,5.5
1/11/2011,8.5,7.5,7.65,5.5
31/10/2011,8.5,7.5,7.65,5.5
28/10/2011,8.5,7.5,7.65,5.5
26/10/2011,8.5,7.5,7.65,5.5
25/10/2011,8.5,7.5,7.65,5.5
24/10/2011,8.5,7.5,7.65,5.5
21/10/2011,8.5,7.5,7.65,5.5
20/10/2011,8.5,7.5,7.65,5.5
19/10/2011,8.5,7.5,7.65,5.5
18/10/2011,8.5,7.5,7.65,5.5
17/10/2011,8.5,7.5,7.65,5.5
14/10/2011,8.5,7.5,7.65,5.5
13/10/2011,8.5,7.5,7.65,5.5
12/10/2011,8.5,7.5,7.65,5.5
11/10/2011,8.5,7.5,7.65,5.5
10/10/2011,8.5,7.5,7.65,5.5
7/10/2011,8.5,7.5,7.65,5.5
5/10/2011,8.5,7.5,7.65,5.5
4/10/2011,8.5,7.5,7.65,5.5
3/10/2011,8.5,7.5,7.65,5.5
30/09/2011,8.25,7.25,7.65,5.5
29/09/2011,8.25,7.25,7.65,5.5
28/09/2011,8.25,7.25,7.65,5.5
27/09/2011,8.25,7.25,7.65,5.5
26/09/2011,8.25,7.25,7.65,5.5
23/09/2011,8.25,7.25,7.65,5.5
22/09/2011,8.25,7.25,7.65,5.5
21/09/2011,8.25,7.25,7.65,5.5
20/09/2011,8.25,7.25,7.65,5.5
19/09/2011,8.25,7.25,7.65,5.5
16/09/2011,8.25,7.25,7.65,5.5
15/09/2011,8.25,7.25,7.65,5.5
14/09/2011,8.25,7.25,7.65,5.5
13/09/2011,8.25,7.25,7.65,5.5
12/09/2011,8.25,7.25,7.65,5.5
9/09/2011,8.25,7.25,7.65,5.5
8/09/2011,8.25,7.25,7.65,5.5
7/09/2011,8.25,7.25,7.65,5.5
6/09/2011,8.25,7.25,7.65,5.5
5/09/2011,8.25,7.25,7.65,5.5
2/09/2011,8.25,7.25,7.65,5.5
30/08/2011,8,7,7.65,5.3
29/08/2011,8,7,7.65,5.3
26/08/2011,8,7,7.65,5.3
25/08/2011,8,7,7.65,5.3
24/08/2011,8,7,7.65,5.3
23/08/2011,8,7,7.65,5.3
22/08/2011,8,7,7.65,5.3
19/08/2011,8,7,7.65,5.3
18/08/2011,8,7,7.65,5.3
17/08/2011,8,7,7.65,5.3
16/08/2011,8,7,7.65,5.3
12/08/2011,8,7,7.65,5.3
11/08/2011,8,7,7.65,5.3
10/08/2011,8,7,7.65,5.3
9/08/2011,8,7,7.65,5.3
8/08/2011,8,7,7.65,5.3
5/08/2011,8,7,7.65,5.3
4/08/2011,8,7,7.65,5.3
3/08/2011,8,7,7.65,5.3
2/08/2011,8,7,7.65,5.3
1/08/2011,8,7,7.65,5.3
29/07/2011,8,7,7.65,5.3
28/07/2011,8,7,7.65,5.3
27/07/2011,8,7,7.65,5.3
26/07/2011,8,7,7.65,5.3
25/07/2011,8,7,7.65,5.3
22/07/2011,8,7,7.65,5.3
21/07/2011,8,7,7.65,5.3
20/07/2011,8,7,7.65,5.3
19/07/2011,8,7,7.65,5.3
18/07/2011,8,7,7.65,5.3
15/07/2011,8,7,7.65,5.3
14/07/2011,8,7,7.65,5.3
13/07/2011,8,7,7.65,5.3
12/07/2011,8,7,7.65,5.3
11/07/2011,8,7,7.65,5.3
8/07/2011,8,7,7.65,5.3
7/07/2011,8,7,7.65,5.3
6/07/2011,8,7,7.65,5.3
5/07/2011,8,7,7.65,5.3
4/07/2011,8,7,7.65,5.3
1/07/2011,8,7,7.65,5.3
30/06/2011,7.5,6.5,7.65,5.3
29/06/2011,7.5,6.5,7.65,5.3
28/06/2011,7.5,6.5,7.65,5.3
27/06/2011,7.5,6.5,7.65,5.3
24/06/2011,7.5,6.5,7.65,5.3
23/06/2011,7.5,6.5,7.65,5.3
22/06/2011,7.5,6.5,7.65,5.3
21/06/2011,7.5,6.5,7.65,5.3
20/06/2011,7.5,6.5,7.65,5.3
17/06/2011,7.5,6.5,7.65,5.3
16/06/2011,7.5,6.5,7.65,5.3
15/06/2011,7.5,6.5,7.65,5.3
14/06/2011,7.5,6.5,7.65,5.3
13/06/2011,7.5,6.5,7.65,5.3
10/06/2011,7.5,6.5,7.65,5.3
9/06/2011,7.5,6.5,7.65,5.3
8/06/2011,7.5,6.5,7.65,5.3
7/06/2011,7.5,6.5,7.65,5.3
6/06/2011,7.5,6.5,7.65,5.3
3/06/2011,7.5,6.5,7.65,5.3
2/06/2011,7.5,6.5,7.65,5.3
1/06/2011,7.5,6.5,7.65,5.3
31/05/2011,7.25,6.25,7.65,6.1
30/05/2011,7.25,6.25,7.65,6.1
27/05/2011,7.25,6.25,7.65,6.1
26/05/2011,7.25,6.25,7.65,6.1
25/05/2011,7.25,6.25,7.65,6.1
24/05/2011,7.25,6.25,7.65,6.1
23/05/2011,7.25,6.25,7.65,6.1
20/05/2011,7.25,6.25,7.65,6.1
19/05/2011,7.25,6.25,7.65,6.1
18/05/2011,7.25,6.25,7.65,6.1
17/05/2011,7.25,6.25,7.65,6.1
16/05/2011,7.25,6.25,7.65,6.1
13/05/2011,7.25,6.25,7.65,6.1
12/05/2011,7.25,6.25,7.65,6.1
11/05/2011,7.25,6.25,7.65,6.1
10/05/2011,7.25,6.25,7.65,6.1
9/05/2011,7.25,6.25,7.65,6.1
6/05/2011,7.25,6.25,7.65,6.1
5/05/2011,7.25,6.25,7.65,6.1
4/05/2011,7.25,6.25,7.65,6.1
3/05/2011,7.25,6.25,7.65,6.1
2/05/2011,7.25,6.25,7.65,6.1
29/04/2011,6.75,5.75,7.65,6.1
28/04/2011,6.75,5.75,7.65,6.1
27/04/2011,6.75,5.75,7.65,6.1
26/04/2011,6.75,5.75,7.65,6.1
25/04/2011,6.75,5.75,7.65,6.1
21/04/2011,6.75,5.75,7.65,6.1
20/04/2011,6.75,5.75,7.65,6.1
19/04/2011,6.75,5.75,7.65,6.1
18/04/2011,6.75,5.75,7.65,6.1
15/04/2011,6.75,5.75,7.65,6.1
13/04/2011,6.75,5.75,7.65,6.1
11/04/2011,6.75,5.75,7.65,6.1
8/04/2011,6.75,5.75,7.65,6.1
7/04/2011,6.75,5.75,7.65,6.1
6/04/2011,6.75,5.75,7.65,6.1
5/04/2011,6.75,5.75,7.65,6.1
4/04/2011,6.75,5.75,7.65,6.1
1/04/2011,6.75,5.75,7.65,6.1
31/03/2011,6.75,5.75,7.65,6.1
30/03/2011,6.75,5.75,7.65,6.1
29/03/2011,6.75,5.75,7.65,6.1
28/03/2011,6.75,5.75,7.65,6.1
25/03/2011,6.75,5.75,7.65,6.1
24/03/2011,6.75,5.75,7.65,6.1
23/03/2011,6.75,5.75,7.65,6.1
22/03/2011,6.75,5.75,7.65,6.1
21/03/2011,6.75,5.75,7.65,6.1
18/03/2011,6.75,5.75,7.65,6.1
17/03/2011,6.75,5.75,7.65,6.1
16/03/2011,6.75,5.75,7.65,6.1
15/03/2011,6.75,5.75,7.65,6.1
14/03/2011,6.75,5.75,7.65,6.1
11/03/2011,6.75,5.75,7.65,6.1
10/03/2011,6.75,5.75,7.65,6.1
9/03/2011,6.75,5.75,7.65,6.1
8/03/2011,6.75,5.75,7.65,6.1
7/03/2011,6.75,5.75,7.65,6.1
4/03/2011,6.75,5.75,7.65,6.1
3/03/2011,6.75,5.75,7.65,6.1
1/03/2011,6.75,5.75,7.65,6.1
28/02/2011,6.5,5.5,7.65,6.9
25/02/2011,6.5,5.5,7.65,6.9
24/02/2011,6.5,5.5,7.65,6.9
23/02/2011,6.5,5.5,7.65,6.9
22/02/2011,6.5,5.5,7.65,6.9
21/02/2011,6.5,5.5,7.65,6.9
18/02/2011,6.5,5.5,7.65,6.9
17/02/2011,6.5,5.5,7.65,6.9
16/02/2011,6.5,5.5,7.65,6.9
15/02/2011,6.5,5.5,7.65,6.9
14/02/2011,6.5,5.5,7.65,6.9
11/02/2011,6.5,5.5,7.65,6.9
10/02/2011,6.5,5.5,7.65,6.9
9/02/2011,6.5,5.5,7.65,6.9
8/02/2011,6.5,5.5,7.65,6.9
7/02/2011,6.5,5.5,7.65,6.9
4/02/2011,6.5,5.5,7.65,6.9
3/02/2011,6.5,5.5,7.65,6.9
2/02/2011,6.5,5.5,7.65,6.9
1/02/2011,6.5,5.5,7.65,6.9
31/01/2011,6.5,5.5,7.65,6.9
28/01/2011,6.5,5.5,7.65,6.9
27/01/2011,6.5,5.5,7.65,6.9
25/01/2011,6.5,5.5,7.65,6.9
24/01/2011,6.5,5.5,7.65,6.9
21/01/2011,6.5,5.5,7.65,6.9
20/01/2011,6.5,5.5,7.65,6.9
19/01/2011,6.5,5.5,7.65,6.9
18/01/2011,6.5,5.5,7.65,6.9
17/01/2011,6.5,5.5,7.65,6.9
14/01/2011,6.5,5.5,7.65,6.9
13/01/2011,6.5,5.5,7.65,6.9
12/01/2011,6.5,5.5,7.65,6.9
11/01/2011,6.5,5.5,7.65,6.9
10/01/2011,6.5,5.5,7.65,6.9
7/01/2011,6.5,5.5,7.65,6.9
6/01/2011,6.5,5.5,7.65,6.9
5/01/2011,6.5,5.5,7.65,6.9
4/01/2011,6.5,5.5,7.65,6.9
3/01/2011,6.5,5.5,7.65,6.9
31/12/2010,6.5,5.5,7.65,6.9
30/12/2010,6.5,5.5,7.65,6.9
29/12/2010,6.5,5.5,7.65,6.9
28/12/2010,6.5,5.5,7.65,6.9
27/12/2010,6.5,5.5,7.65,6.9
24/12/2010,6.5,5.5,7.65,6.9
23/12/2010,6.5,5.5,7.65,6.9
22/12/2010,6.5,5.5,7.65,6.9
21/12/2010,6.5,5.5,7.65,6.9
20/12/2010,6.5,5.5,7.65,6.9
16/12/2010,6.5,5.5,7.65,6.9
15/12/2010,6.5,5.5,7.65,6.9
14/12/2010,6.5,5.5,7.65,6.9
13/12/2010,6.5,5.5,7.65,6.9
10/12/2010,6.5,5.5,7.65,6.9
9/12/2010,6.5,5.5,7.65,6.9
8/12/2010,6.5,5.5,7.65,6.9
7/12/2010,6.5,5.5,7.65,6.9
6/12/2010,6.5,5.5,7.65,6.9
3/12/2010,6.5,5.5,7.65,6.9
2/12/2010,6.5,5.5,7.65,6.9
1/12/2010,6.5,5.5,7.65,6.9
30/11/2010,6.5,5.5,7.65,7.7
29/11/2010,6.5,5.5,7.65,7.7
26/11/2010,6.5,5.5,7.65,7.7
25/11/2010,6.5,5.5,7.65,7.7
24/11/2010,6.5,5.5,7.65,7.7
23/11/2010,6.5,5.5,7.65,7.7
22/11/2010,6.5,5.5,7.65,7.7
19/11/2010,6.5,5.5,7.65,7.7
18/11/2010,6.5,5.5,7.65,7.7
16/11/2010,6.5,5.5,7.65,7.7
15/11/2010,6.5,5.5,7.65,7.7
12/11/2010,6.5,5.5,7.65,7.7
11/11/2010,6.5,5.5,7.65,7.7
10/11/2010,6.5,5.5,7.65,7.7
9/11/2010,6.5,5.5,7.65,7.7
8/11/2010,6.5,5.5,7.65,7.7
5/11/2010,6.5,5.5,7.65,7.7
4/11/2010,6.5,5.5,7.65,7.7
3/11/2010,6.5,5.5,7.65,7.7
2/11/2010,6.5,5.5,7.65,7.7
1/11/2010,6.5,5.5,7.65,7.7
29/10/2010,6.5,5.5,7.65,7.7
28/10/2010,6.5,5.5,7.65,7.7
27/10/2010,6.5,5.5,7.65,7.7
26/10/2010,6.5,5.5,7.65,7.7
25/10/2010,6.5,5.5,7.65,7.7
22/10/2010,6.5,5.5,7.65,7.7
21/10/2010,6.5,5.5,7.65,7.7
20/10/2010,6.5,5.5,7.65,7.7
19/10/2010,6.5,5.5,7.65,7.7
18/10/2010,6.5,5.5,7.65,7.7
15/10/2010,6.5,5.5,7.65,7.7
14/10/2010,6.5,5.5,7.65,7.7
13/10/2010,6.5,5.5,7.65,7.7
12/10/2010,6.5,5.5,7.65,7.7
11/10/2010,6.5,5.5,7.65,7.7
8/10/2010,6.5,5.5,7.65,7.7
7/10/2010,6.5,5.5,7.65,7.7
6/10/2010,6.5,5.5,7.65,7.7
5/10/2010,6.5,5.5,7.65,7.7
4/10/2010,6.5,5.5,7.65,7.7
1/10/2010,6.5,5.5,7.65,7.7
30/09/2010,6.5,5.5,7.65,7.7
29/09/2010,6.5,5.5,7.65,7.7
28/09/2010,6.5,5.5,7.65,7.7
27/09/2010,6.5,5.5,7.65,7.7
24/09/2010,6.5,5.5,7.65,7.7
23/09/2010,6.5,5.5,7.65,7.7
22/09/2010,6.5,5.5,7.65,7.7
21/09/2010,6.5,5.5,7.65,7.7
20/09/2010,6.5,5.5,7.65,7.7
17/09/2010,6.5,5.5,7.65,7.7
16/09/2010,6.5,5.5,7.65,7.7
15/09/2010,6.5,5.5,7.65,7.7
14/09/2010,6.5,5.5,7.65,7.7
13/09/2010,6.5,5.5,7.65,7.7
9/09/2010,6.5,5.5,7.65,7.7
8/09/2010,6.5,5.5,7.65,7.7
7/09/2010,6.5,5.5,7.65,7.7
6/09/2010,6.5,5.5,7.65,7.7
3/09/2010,6.5,5.5,7.65,7.7
2/09/2010,6.5,5.5,7.65,7.7
1/09/2010,6.5,5.5,7.65,7.7
31/08/2010,6.5,5.5,7.65,7.8
30/08/2010,6.5,5.5,7.65,7.8
27/08/2010,6.5,5.5,7.65,7.8
26/08/2010,6.5,5.5,7.65,7.8
25/08/2010,6.5,5.5,7.65,7.8
24/08/2010,6.5,5.5,7.65,7.8
23/08/2010,6.5,5.5,7.65,7.8
20/08/2010,6.5,5.5,7.65,7.8
19/08/2010,6.5,5.5,7.65,7.8
18/08/2010,6.5,5.5,7.65,7.8
17/08/2010,6.5,5.5,7.65,7.8
16/08/2010,6.5,5.5,7.65,7.8
13/08/2010,6.5,5.5,7.65,7.8
12/08/2010,6.5,5.5,7.65,7.8
11/08/2010,6.5,5.5,7.65,7.8
10/08/2010,6.5,5.5,7.65,7.8
9/08/2010,6.5,5.5,7.65,7.8
6/08/2010,6.5,5.5,7.65,7.8
5/08/2010,6.5,5.5,7.65,7.8
4/08/2010,6.5,5.5,7.65,7.8
3/08/2010,6.5,5.5,7.65,7.8
2/08/2010,6.5,5.5,7.65,7.8
30/07/2010,6.5,5.5,7.65,7.8
29/07/2010,6.5,5.5,7.65,7.8
28/07/2010,6.5,5.5,7.65,7.8
27/07/2010,6.5,5.5,7.65,7.8
26/07/2010,6.5,5.5,7.65,7.8
23/07/2010,6.5,5.5,7.65,7.8
22/07/2010,6.5,5.5,7.65,7.8
21/07/2010,6.5,5.5,7.65,7.8
20/07/2010,6.5,5.5,7.65,7.8
19/07/2010,6.5,5.5,7.65,7.8
16/07/2010,6.5,5.5,7.65,7.8
15/07/2010,6.5,5.5,7.65,7.8
14/07/2010,6.5,5.5,7.65,7.8
13/07/2010,6.5,5.5,7.65,7.8
12/07/2010,6.5,5.5,7.65,7.8
9/07/2010,6.5,5.5,7.65,7.8
8/07/2010,6.5,5.5,7.65,7.8
7/07/2010,6.5,5.5,7.65,7.8
6/07/2010,6.5,5.5,7.65,7.8
5/07/2010,6.5,5.5,7.65,7.8
2/07/2010,6.5,5.5,7.65,7.8
1/07/2010,6.5,5.5,7.65,7.8
30/06/2010,6.5,5.5,7.65,7.8
29/06/2010,6.5,5.5,7.65,7.8
28/06/2010,6.5,5.5,7.65,7.8
25/06/2010,6.5,5.5,7.65,7.8
24/06/2010,6.5,5.5,7.65,7.8
23/06/2010,6.5,5.5,7.65,7.8
22/06/2010,6.5,5.5,7.65,7.8
21/06/2010,6.5,5.5,7.65,7.8
18/06/2010,6.5,5.5,7.65,7.8
17/06/2010,6.5,5.5,7.65,7.8
16/06/2010,6.5,5.5,7.65,7.8
15/06/2010,6.5,5.5,7.65,7.8
14/06/2010,6.5,5.5,7.65,7.8
11/06/2010,6.5,5.5,7.65,7.8
10/06/2010,6.5,5.5,7.65,7.8
9/06/2010,6.5,5.5,7.65,7.8
8/06/2010,6.5,5.5,7.65,7.8
7/06/2010,6.5,5.5,7.65,7.8
4/06/2010,6.5,5.5,7.65,7.8
3/06/2010,6.5,5.5,7.65,7.8
2/06/2010,6.5,5.5,7.65,7.8
1/06/2010,6.5,5.5,7.65,7.8
31/05/2010,6.5,5.5,7.65,8.2
28/05/2010,6.5,5.5,7.65,8.2
27/05/2010,6.5,5.5,7.65,8.2
26/05/2010,6.5,5.5,7.65,8.2
25/05/2010,6.5,5.5,7.65,8.2
24/05/2010,6.5,5.5,7.65,8.2
21/05/2010,6.5,5.5,7.65,8.2
20/05/2010,6.5,5.5,7.65,8.2
19/05/2010,6.5,5.5,7.65,8.2
18/05/2010,6.5,5.5,7.65,8.2
17/05/2010,6.5,5.5,7.65,8.2
14/05/2010,6.5,5.5,7.65,8.2
13/05/2010,6.5,5.5,7.65,8.2
12/05/2010,6.5,5.5,7.65,8.2
11/05/2010,6.5,5.5,7.65,8.2
10/05/2010,6.5,5.5,7.65,8.2
7/05/2010,6.5,5.5,7.65,8.2
6/05/2010,6.5,5.5,7.65,8.2
5/05/2010,6.5,5.5,7.65,8.2
4/05/2010,6.5,5.5,7.65,8.2
3/05/2010,6.5,5.5,7.65,8.2
30/04/2010,6.5,5.5,7.65,8.2
29/04/2010,6.5,5.5,7.65,8.2
28/04/2010,6.5,5.5,7.65,8.2
27/04/2010,6.5,5.5,7.65,8.2
26/04/2010,6.5,5.5,7.65,8.2
23/04/2010,6.5,5.5,7.65,8.2
22/04/2010,6.5,5.5,7.65,8.2
21/04/2010,6.5,5.5,7.65,8.2
20/04/2010,6.5,5.5,7.65,8.2
19/04/2010,6.5,5.5,7.65,8.2
16/04/2010,6.5,5.5,7.65,8.2
15/04/2010,6.5,5.5,7.65,8.2
13/04/2010,6.5,5.5,7.65,8.2
12/04/2010,6.5,5.5,7.65,8.2
9/04/2010,6.5,5.5,7.65,8.2
8/04/2010,6.5,5.5,7.65,8.2
7/04/2010,6.5,5.5,7.65,8.2
6/04/2010,6.5,5.5,7.65,8.2
5/04/2010,6.5,5.5,7.65,8.2
1/04/2010,6.5,5.5,7.65,8.2
31/03/2010,6.5,5.5,7.65,8.2
30/03/2010,6.5,5.5,7.65,8.2
29/03/2010,6.5,5.5,7.65,8.2
26/03/2010,6.5,5.5,7.65,8.2
25/03/2010,6.5,5.5,7.65,8.2
23/03/2010,6.5,5.5,7.65,8.2
22/03/2010,6.5,5.5,7.65,8.2
19/03/2010,6.5,5.5,7.65,8.2
18/03/2010,6.5,5.5,7.65,8.2
17/03/2010,6.5,5.5,7.65,8.2
16/03/2010,6.5,5.5,7.65,8.2
15/03/2010,6.5,5.5,7.65,8.2
12/03/2010,6.5,5.5,7.65,8.2
11/03/2010,6.5,5.5,7.65,8.2
10/03/2010,6.5,5.5,7.65,8.2
9/03/2010,6.5,5.5,7.65,8.2
8/03/2010,6.5,5.5,7.65,8.2
5/03/2010,6.5,5.5,7.65,8.2
4/03/2010,6.5,5.5,7.65,8.2
3/03/2010,6.5,5.5,7.65,8.2
2/03/2010,6.5,5.5,7.65,8.2
26/02/2010,6.5,5.5,7.65,8.9
25/02/2010,6.5,5.5,7.65,8.9
24/02/2010,6.5,5.5,7.65,8.9
23/02/2010,6.5,5.5,7.65,8.9
22/02/2010,6.5,5.5,7.65,8.9
19/02/2010,6.5,5.5,7.65,8.9
18/02/2010,6.5,5.5,7.65,8.9
17/02/2010,6.5,5.5,7.65,8.9
16/02/2010,6.5,5.5,7.65,8.9
15/02/2010,6.5,5.5,7.65,8.9
11/02/2010,6.5,5.5,7.65,8.9
10/02/2010,6.5,5.5,7.65,8.9
9/02/2010,6.5,5.5,7.65,8.9
8/02/2010,6.5,5.5,7.65,8.9
6/02/2010,6.5,5.5,7.65,8.9
5/02/2010,6.5,5.5,7.65,8.9
4/02/2010,6.5,5.5,7.65,8.9
3/02/2010,6.5,5.5,7.65,8.9
2/02/2010,6.5,5.5,7.65,8.9
1/02/2010,6.5,5.5,7.65,8.9
29/01/2010,6.5,5.5,7.65,8.9
28/01/2010,6.5,5.5,7.65,8.9
27/01/2010,6.5,5.5,7.65,8.9
25/01/2010,6.5,5.5,7.65,8.9
22/01/2010,6.5,5.5,7.65,8.9
21/01/2010,6.5,5.5,7.65,8.9
20/01/2010,6.5,5.5,7.65,8.9
19/01/2010,6.5,5.5,7.65,8.9
18/01/2010,6.5,5.5,7.65,8.9
15/01/2010,6.5,5.5,7.65,8.9
14/01/2010,6.5,5.5,7.65,8.9
13/01/2010,6.5,5.5,7.65,8.9
12/01/2010,6.5,5.5,7.65,8.9
11/01/2010,6.5,5.5,7.65,8.9
8/01/2010,6.5,5.5,7.65,8.9
7/01/2010,6.5,5.5,7.65,8.9
6/01/2010,6.5,5.5,7.65,8.9
5/01/2010,6.5,5.5,7.65,8.9
4/01/2010,6.5,5.5,7.65,8.9
